	Neighborhood_StoneBr	Neighborhood_NoRidge	Neighborhood_NridgHt	GrLivArea	Neighborhood_Mitchel	Neighborhood_Somerst	Neighborhood_Veenker	Neighborhood_Crawfor	Condition1_RRAe	BsmtFinSF1	Neighborhood_BrDale	YearRemodAdd	YearBuilt	OverallQual	Neighborhood_NWAmes	LotArea	BldgType_Twnhs	GarageCars	WoodDeckSF	GarageType_Zero	HouseStyle_SFoyer
0	0	0	0	1710	0	0	0	0	0	706	0	2003	2003	7	0	8450	0	2	0	0	0
1	0	0	0	1262	0	0	1	0	0	978	0	1976	1976	6	0	9600	0	2	298	0	0
2	0	0	0	1786	0	0	0	0	0	486	0	2002	2001	7	0	11250	0	2	0	0	0
3	0	0	0	1717	0	0	0	1	0	216	0	1970	1915	7	0	9550	0	3	0	0	0
4	0	1	0	2198	0	0	0	0	0	655	0	2000	2000	8	0	14260	0	3	192	0	0
5	0	0	0	1362	1	0	0	0	0	732	0	1995	1993	5	0	14115	0	2	40	0	0
6	0	0	0	1694	0	1	0	0	0	1369	0	2005	2004	8	0	10084	0	2	255	0	0
7	0	0	0	2090	0	0	0	0	0	859	0	1973	1973	7	1	10382	0	2	235	0	0
8	0	0	0	1774	0	0	0	0	0	0	0	1950	1931	7	0	6120	0	2	90	0	0
9	0	0	0	1077	0	0	0	0	0	851	0	1950	1939	5	0	7420	0	1	0	0	0
10	0	0	0	1040	0	0	0	0	0	906	0	1965	1965	5	0	11200	0	1	0	0	0
11	0	0	1	2324	0	0	0	0	0	998	0	2006	2005	9	0	11924	0	3	147	0	0
12	0	0	0	912	0	0	0	0	0	737	0	1962	1962	5	0	12968	0	1	140	0	0
13	0	0	0	1494	0	0	0	0	0	0	0	2007	2006	7	0	10652	0	3	160	0	0
14	0	0	0	1253	0	0	0	0	0	733	0	1960	1960	6	0	10920	0	1	0	0	0
15	0	0	0	854	0	0	0	0	0	0	0	2001	1929	7	0	6120	0	2	48	0	0
16	0	0	0	1004	0	0	0	0	0	578	0	1970	1970	6	0	11241	0	2	0	0	0
17	0	0	0	1296	0	0	0	0	0	0	0	1967	1967	4	0	10791	0	2	0	0	0
18	0	0	0	1114	0	0	0	0	1	646	0	2004	2004	5	0	13695	0	2	0	0	0
19	0	0	0	1339	0	0	0	0	0	504	0	1965	1958	5	0	7560	0	1	0	0	0
20	0	0	1	2376	0	0	0	0	0	0	0	2006	2005	8	0	14215	0	3	240	0	0
21	0	0	0	1108	0	0	0	0	0	0	0	1950	1930	7	0	7449	0	1	0	0	0
22	0	0	0	1795	0	0	0	0	0	0	0	2002	2002	8	0	9742	0	2	171	0	0
23	0	0	0	1060	0	0	0	0	0	840	0	1976	1976	5	0	4224	0	2	100	0	0
24	0	0	0	1060	0	0	0	0	0	188	0	2001	1968	5	0	8246	0	1	406	0	0
25	0	0	1	1600	0	0	0	0	0	0	0	2007	2007	8	0	14230	0	3	0	0	0
26	0	0	0	900	0	0	0	0	0	234	0	2000	1951	5	0	7200	0	2	222	0	0
27	0	0	1	1704	0	0	0	0	0	1218	0	2008	2007	8	0	11478	0	3	0	0	0
28	0	0	0	1600	0	0	0	0	0	1277	0	1997	1957	5	0	16321	0	1	288	0	0
29	0	0	0	520	0	0	0	0	0	0	0	1950	1927	4	0	6324	0	1	49	0	0
31	0	0	0	1228	0	0	0	0	0	0	0	2006	1966	5	0	8544	0	1	0	0	0
32	0	0	0	1234	0	0	0	0	0	0	0	2007	2007	8	0	11049	0	2	0	0	0
33	0	0	0	1700	0	0	0	0	0	1018	0	1959	1959	5	0	10552	0	2	0	0	0
34	0	0	1	1561	0	0	0	0	0	1153	0	2005	2005	9	0	7313	0	2	203	0	0
35	0	0	1	2452	0	0	0	0	0	0	0	2005	2004	8	0	13418	0	3	113	0	0
36	0	0	0	1097	0	0	0	0	0	0	0	1995	1994	5	0	10859	0	2	392	0	0
37	0	0	0	1297	0	0	0	0	0	1213	0	1990	1954	5	0	8532	0	2	0	0	0
38	0	0	0	1057	0	0	0	0	0	731	0	2007	1953	5	0	7922	0	1	0	0	0
39	0	0	0	1152	0	0	0	0	0	0	0	1955	1955	4	0	6040	0	0	0	1	0
40	0	0	0	1324	0	0	0	0	0	643	0	1965	1965	6	0	8658	0	2	0	0	0
41	0	0	0	1328	0	0	0	0	0	967	0	1959	1959	5	0	16905	0	1	0	0	0
42	0	0	0	884	0	0	0	0	0	747	0	1983	1983	5	0	9180	0	2	240	0	1
43	0	0	0	938	0	0	0	0	0	280	0	1980	1975	5	0	9200	0	1	145	0	0
44	0	0	0	1150	0	0	0	0	0	179	0	1959	1959	5	0	7945	0	1	0	0	0
45	0	0	1	1752	0	0	0	0	0	456	0	2005	2005	9	0	7658	0	2	196	0	0
46	0	0	0	2149	1	0	0	0	0	1351	0	2003	2003	7	0	12822	0	2	168	0	0
47	0	0	0	1656	0	1	0	0	0	24	0	2006	2006	8	0	11096	0	3	0	0	0
48	0	0	0	1452	0	0	0	0	0	0	0	2008	1920	4	0	4456	0	0	0	1	0
49	0	0	0	955	0	0	0	0	0	763	0	1966	1966	5	0	7742	0	1	0	0	0
50	0	0	0	1470	0	0	0	0	0	182	0	1997	1997	6	0	13869	0	2	0	0	0
51	0	0	0	1176	0	0	0	0	0	0	0	1950	1934	6	0	6240	0	2	112	0	0
52	0	0	0	816	0	0	0	0	0	104	0	1963	1963	5	0	8472	0	2	106	0	0
53	0	0	0	1842	0	0	1	0	0	1810	0	1987	1981	9	0	50271	0	3	857	0	0
54	0	0	0	1360	0	0	0	0	0	384	0	1955	1955	5	0	7134	0	2	0	0	0
55	0	0	0	1425	0	0	0	0	0	490	0	1964	1964	6	0	10175	0	2	0	0	0
56	0	0	0	1739	0	1	0	0	0	649	0	2000	1999	8	0	2645	1	2	115	0	0
57	0	0	0	1720	0	0	0	0	0	0	0	2004	2004	7	0	11645	0	2	0	0	0
58	1	0	0	2945	0	0	0	0	0	0	0	2006	2006	10	0	13682	0	3	192	0	0
59	0	0	0	780	0	0	0	0	0	632	0	1972	1972	5	0	7200	0	1	196	0	0
60	0	0	0	1158	0	0	0	0	1	941	0	2004	2004	6	0	13072	0	2	0	0	0
61	0	0	0	1111	0	0	0	0	0	0	0	1996	1920	5	0	7200	0	1	0	0	0
62	0	0	1	1370	0	0	0	0	0	24	0	2006	2006	8	0	6442	0	2	120	0	0
63	0	0	0	1710	0	0	0	0	0	0	0	1950	1921	7	0	10300	0	2	12	0	0
64	0	0	0	2034	0	0	0	0	0	739	0	1998	1997	7	0	9375	0	2	576	0	0
65	0	0	1	2473	0	0	0	0	0	0	0	2005	2004	8	0	9591	0	3	192	0	0
66	0	0	0	2207	0	0	0	0	0	912	0	1989	1970	7	0	19900	0	2	301	0	0
67	0	0	0	1479	0	0	0	0	0	1013	0	2003	2003	7	0	10665	0	2	144	0	0
68	0	0	0	747	0	0	0	0	0	0	0	1950	1945	4	0	4608	0	1	0	0	0
69	0	0	0	2287	0	0	0	0	0	603	0	1953	1953	7	0	15593	0	2	0	0	0
70	0	0	0	2223	0	0	0	0	0	1880	0	1973	1973	7	0	13651	0	2	300	0	0
71	0	0	0	845	1	0	0	0	0	565	0	2006	1982	4	0	7599	0	2	0	0	0
72	0	0	0	1718	0	0	0	0	0	0	0	1998	1998	7	0	10141	0	2	0	0	0
73	0	0	0	1086	0	0	0	0	0	320	0	2003	1954	5	0	10200	0	2	0	0	0
74	0	0	0	1605	0	0	0	0	0	0	0	1950	1915	3	0	5790	0	1	0	0	0
75	0	0	0	988	0	0	0	0	0	462	0	1973	1973	4	0	1596	1	1	120	0	0
76	0	0	0	952	0	0	0	0	0	228	0	1956	1956	4	0	8475	0	1	0	0	0
77	0	0	0	1285	0	0	0	0	0	336	0	2001	1948	5	0	8635	0	1	0	0	0
78	0	0	0	1768	0	0	0	0	0	0	0	1968	1968	4	0	10778	0	0	0	1	0
79	0	0	0	1230	0	0	0	0	0	0	0	1981	1910	5	0	10440	0	2	74	0	0
80	0	0	0	2142	0	0	0	0	0	448	0	1968	1968	6	0	13000	0	1	0	0	0
81	0	0	0	1337	1	0	0	0	0	1201	0	1998	1998	6	0	4500	0	2	0	0	0
82	0	0	0	1563	0	1	0	0	0	33	0	2007	2007	8	0	10206	0	3	144	0	0
83	0	0	0	1065	0	0	0	0	0	0	0	1960	1960	5	0	8892	0	2	74	0	0
84	0	0	0	1474	0	0	0	0	0	0	0	1996	1995	7	0	8530	0	2	120	0	0
85	0	1	0	2417	0	0	0	0	0	0	0	1992	1991	8	0	16059	0	2	127	0	0
86	0	0	0	1560	0	0	0	0	0	0	0	2005	2005	6	0	11911	0	2	100	0	0
87	0	0	0	1224	0	1	0	0	0	0	0	2009	2009	6	0	3951	0	2	0	0	0
89	0	0	0	990	0	0	0	0	0	588	0	1995	1994	4	0	8070	0	0	0	1	0
90	0	0	0	1040	0	0	0	0	0	0	0	1950	1950	4	0	7200	0	2	0	0	0
91	0	0	0	1235	0	0	0	0	0	600	0	1961	1961	5	0	8500	0	2	0	0	0
92	0	0	0	964	0	0	0	1	0	713	0	2006	1921	5	0	13360	0	2	0	0	0
94	0	0	0	1786	0	0	0	0	0	648	0	1997	1997	6	0	9337	0	2	0	0	0
95	0	0	0	1470	0	0	0	0	0	310	0	1993	1993	6	0	9765	0	2	232	0	0
96	0	0	0	1588	0	0	0	0	0	1162	0	1999	1999	7	0	10264	0	2	158	0	0
97	0	0	0	960	0	0	0	0	0	520	0	1965	1965	4	0	10921	0	1	120	0	0
98	0	0	0	835	0	0	0	0	0	108	0	1950	1920	5	0	10625	0	1	0	0	0
99	0	0	0	1225	0	0	0	0	0	569	0	1959	1959	4	0	9320	0	0	352	1	0
100	0	0	0	1610	0	0	0	0	0	1200	0	2001	1977	6	1	10603	0	2	168	0	0
101	0	0	0	1732	0	0	0	0	0	0	0	1985	1985	6	0	9206	0	2	192	0	0
102	0	0	0	1535	0	0	0	0	0	0	0	1979	1979	5	0	7018	0	2	0	0	0
103	0	0	0	1226	0	0	0	0	0	0	0	2009	2009	7	0	10402	0	3	0	0	0
104	0	0	0	1818	0	0	0	0	0	224	0	1950	1931	7	0	7758	0	1	0	0	0
105	0	0	0	1992	0	1	0	0	0	0	0	2004	2003	8	0	9375	0	2	140	0	0
106	0	0	0	1047	0	0	0	0	0	0	0	1995	1885	4	0	10800	0	1	0	0	0
107	0	0	0	789	0	0	0	0	0	104	0	1950	1948	5	0	6000	0	1	0	0	0
108	0	0	0	1517	0	0	0	0	0	0	0	2005	1919	5	0	8500	0	0	0	1	0
109	0	0	0	1844	0	0	0	0	0	705	0	1977	1977	6	1	11751	0	2	0	0	0
110	0	0	0	1855	0	0	0	0	0	444	0	1972	1954	6	0	9525	0	1	182	0	0
111	0	0	0	1430	0	0	0	0	0	250	0	2000	2000	7	0	7750	0	2	180	0	0
112	0	0	0	2696	0	0	0	0	0	984	0	2007	2007	7	0	9965	0	3	120	0	0
113	0	0	0	2259	0	0	0	1	0	35	0	1953	1953	6	0	21000	0	2	166	0	0
114	0	0	0	2320	0	0	0	1	0	774	0	2002	1945	6	0	7259	0	1	224	0	0
115	0	0	0	1458	0	1	0	0	0	419	0	1999	1999	6	0	3230	0	2	0	0	0
116	0	0	0	1092	0	0	0	0	0	170	0	1962	1962	5	0	11616	0	1	0	0	0
117	0	0	0	1125	0	0	0	0	0	0	0	2007	2006	5	0	8536	0	2	80	0	0
118	0	0	0	3222	0	0	0	0	0	1470	0	1990	1990	7	0	12376	0	3	367	0	0
119	0	0	0	1456	0	0	0	0	0	0	0	2006	2005	6	0	8461	0	2	0	0	0
120	0	0	0	988	0	0	0	0	0	938	0	1969	1969	6	0	21453	0	2	0	0	0
121	0	0	0	1123	0	0	0	0	0	0	0	1950	1939	4	0	6060	0	1	0	0	0
122	0	0	0	1080	0	0	0	0	0	570	0	1958	1958	6	0	9464	0	1	0	0	0
123	0	0	0	1199	0	0	0	0	0	300	0	1993	1993	6	0	7892	0	2	0	0	0
124	0	0	0	1586	0	0	0	0	0	0	0	1998	1979	6	1	17043	0	2	192	0	0
125	0	0	0	754	0	0	0	0	0	490	0	1982	1935	6	0	6780	0	0	53	1	0
126	0	0	0	958	0	0	0	0	0	120	0	1976	1976	6	0	4928	0	2	0	0	0
127	0	0	0	840	0	0	0	0	0	116	0	1950	1930	5	0	4388	0	0	0	1	0
128	0	0	0	1348	0	0	0	0	0	512	0	1966	1966	6	0	7590	0	2	188	0	0
129	0	0	0	1053	0	0	0	0	0	567	0	1991	1958	5	0	8973	0	2	0	0	0
130	0	0	0	2157	0	0	0	0	0	445	0	1966	1966	7	0	14200	0	2	105	0	0
131	0	0	0	2054	0	0	0	0	0	695	0	2000	2000	6	0	12224	0	2	24	0	0
132	0	0	0	1327	0	0	0	0	0	405	0	2002	1959	5	0	7388	0	2	0	0	0
133	0	0	0	1296	0	0	0	0	0	1005	0	2002	2001	8	0	6853	0	2	192	0	0
134	0	0	0	1721	0	0	0	0	0	570	0	1993	1968	5	0	10335	0	2	0	0	0
135	0	0	0	1682	0	0	0	0	0	0	0	1970	1970	7	1	10400	0	2	98	0	0
136	0	0	0	1214	0	0	0	0	0	695	0	1967	1967	5	0	10355	0	1	0	0	0
137	0	0	0	1959	1	0	0	0	0	0	0	1989	1988	7	0	11070	0	3	0	0	0
138	0	0	0	1852	0	0	0	0	0	668	0	2000	1999	8	0	9066	0	3	224	0	0
139	0	0	0	1764	0	0	0	0	0	821	0	1997	1997	6	0	15426	0	2	276	0	0
140	0	0	0	864	0	0	0	0	0	432	0	1971	1971	4	0	10500	0	0	0	1	0
141	0	0	0	1734	0	0	0	0	0	1300	0	2005	2005	7	0	11645	0	2	160	0	0
142	0	0	0	1385	0	0	0	0	0	507	0	1952	1952	5	0	8520	0	2	0	0	0
143	0	0	0	1501	0	0	0	0	0	679	0	1999	1999	7	0	10335	0	2	144	0	0
144	0	0	0	1728	0	0	0	0	1	1332	0	1963	1963	5	0	9100	0	2	0	0	0
145	0	0	0	1709	0	0	0	0	0	0	0	2006	2004	6	0	2522	1	2	0	0	0
146	0	0	0	875	0	0	0	0	0	209	0	1993	1931	5	0	6120	0	1	48	0	0
147	0	0	0	2035	0	0	0	0	0	0	0	2001	2001	7	0	9505	0	2	144	0	0
148	0	0	0	1080	0	0	0	0	0	680	0	2005	2004	7	0	7500	0	0	0	1	0
149	0	0	0	1344	0	0	0	0	0	0	0	1950	1936	5	0	6240	0	1	200	0	0
150	0	0	0	969	0	0	0	0	0	716	0	1975	1975	5	0	10356	0	2	0	0	0
151	0	0	1	1710	0	0	0	0	0	1400	0	2008	2007	8	0	13891	0	3	0	0	0
152	0	0	0	1993	0	0	0	0	0	416	0	1971	1971	6	1	14803	0	2	0	0	0
153	0	0	0	1252	0	0	0	0	0	429	0	1975	1960	6	0	13500	0	2	409	0	0
154	0	0	0	1200	0	0	0	0	0	0	0	1950	1923	6	0	11340	0	1	0	0	0
155	0	0	0	1096	0	0	0	0	0	0	0	1950	1924	6	0	9600	0	0	0	1	0
156	0	0	0	1040	0	0	0	0	0	0	0	1950	1950	5	0	7200	0	2	0	0	0
157	0	0	0	1968	0	0	0	0	0	0	0	2010	2009	8	0	12003	0	3	0	0	0
158	0	0	0	1947	0	1	0	0	0	222	0	2005	2004	7	0	12552	0	2	0	0	0
159	0	0	0	2462	0	0	0	0	0	57	0	2006	2005	7	0	19378	0	2	239	0	0
160	0	0	0	1232	0	0	1	0	0	660	0	1984	1984	6	0	11120	0	2	0	0	0
161	0	0	1	2668	0	0	0	0	0	1016	0	2004	2003	9	0	13688	0	3	400	0	0
162	0	0	1	1541	0	0	0	0	0	1201	0	2005	2005	7	0	12182	0	2	0	0	0
163	0	0	0	882	0	0	0	0	0	0	0	1956	1956	4	0	5500	0	0	0	1	0
164	0	0	0	1616	0	0	0	0	0	370	0	2004	1926	6	0	5400	0	1	0	0	0
165	0	0	0	1355	0	0	0	0	0	351	0	1999	1940	5	0	10106	0	0	140	1	0
166	0	0	0	1867	0	0	0	0	0	379	0	1993	1955	5	0	10708	0	1	476	0	0
167	0	0	1	2161	0	0	0	0	0	1288	0	2007	2007	8	0	10562	0	3	178	0	0
168	0	0	0	1720	0	0	0	0	0	0	0	2004	2004	7	0	8244	0	2	100	0	0
169	0	0	0	1707	0	0	0	0	0	0	0	1981	1981	8	0	16669	0	2	574	0	0
170	0	0	0	1382	0	0	0	0	0	360	0	1950	1941	5	0	12358	0	2	237	0	0
171	0	0	0	1656	0	0	0	0	0	639	0	1960	1960	6	0	31770	0	2	210	0	0
172	1	0	0	1767	0	0	0	0	0	495	0	1987	1987	7	0	5306	0	2	441	0	0
173	0	0	0	1362	0	0	0	0	0	288	0	1961	1961	6	0	10197	0	2	0	0	0
174	0	0	0	1651	0	0	0	0	0	1398	0	1986	1986	6	0	12416	0	2	192	0	0
175	0	0	0	2158	0	0	0	0	0	477	0	2001	1950	6	0	12615	0	2	0	0	0
176	0	0	0	2060	0	0	0	0	0	831	0	1989	1988	6	0	10029	0	2	0	0	0
177	0	0	0	1920	0	0	0	0	0	57	0	1958	1958	5	0	13650	0	2	0	0	0
178	1	0	0	2234	0	0	0	0	0	1904	0	2009	2008	9	0	17423	0	3	0	0	0
179	0	0	0	968	0	0	0	0	0	0	0	2006	1923	5	0	8520	0	2	0	0	0
180	0	0	0	1525	0	1	0	0	0	436	0	2000	2000	6	0	2117	1	2	0	0	0
181	0	0	0	1802	0	0	0	1	0	352	0	1950	1920	7	0	7588	0	1	0	0	0
182	0	0	0	1340	0	0	0	0	0	0	0	2006	1957	5	0	9060	0	1	116	0	0
183	0	0	0	2082	0	0	0	0	0	0	0	2003	2003	7	0	11426	0	2	280	0	0
184	0	0	0	1252	0	0	0	0	0	0	0	1991	1908	5	0	7438	0	2	104	0	0
185	0	0	0	3608	0	0	0	0	0	0	0	1993	1892	10	0	22950	0	3	0	0	0
186	0	0	0	1217	1	0	0	0	0	611	0	1991	1990	7	0	9947	0	2	168	0	0
187	0	0	0	1656	0	0	0	0	0	0	0	1987	1916	5	0	10410	0	1	0	0	0
188	0	0	0	1224	0	0	0	0	0	1086	0	1979	1979	5	0	7018	0	2	120	0	1
189	1	0	0	1593	0	0	0	0	0	1153	0	2002	2001	8	0	4923	0	2	0	0	0
190	0	0	0	2727	0	0	0	1	0	297	0	1994	1932	8	0	10570	0	2	0	0	0
191	0	0	0	1479	0	0	0	0	0	626	0	2004	1972	7	0	7472	0	2	0	0	0
192	0	0	0	1431	0	0	0	0	0	560	0	1999	1999	7	0	9017	0	2	0	0	0
193	0	0	0	1709	0	0	0	0	0	0	0	2004	2004	7	0	2522	1	2	0	0	0
194	0	0	0	864	0	0	0	0	0	390	0	1972	1972	5	0	7180	0	1	0	0	0
195	0	0	0	1456	0	0	0	0	0	566	0	1976	1976	6	0	2280	1	2	87	0	0
196	0	0	0	1726	0	1	0	0	0	1126	0	2007	2007	7	0	9416	0	3	171	0	0
197	0	0	0	3112	0	0	0	0	0	1036	0	1990	1918	8	0	25419	0	2	0	0	0
198	0	0	0	2229	0	0	0	0	0	0	0	1950	1912	6	0	5520	0	0	0	1	0
199	0	0	1	1713	0	0	0	0	0	1088	0	2005	2004	8	0	9591	0	3	0	0	0
200	0	0	0	1121	0	0	0	0	0	0	0	2004	2003	4	0	8546	0	2	132	0	0
201	0	0	0	1279	1	0	0	0	0	641	0	1977	1977	6	0	10125	0	2	238	0	0
202	0	0	0	1310	0	0	0	0	0	617	0	1950	1924	6	0	7000	0	1	0	0	0
203	0	0	0	848	0	0	0	0	0	662	0	2004	2004	6	0	4438	0	2	149	0	0
204	0	0	0	1284	0	0	0	0	0	312	0	1950	1947	5	0	3500	0	1	0	0	0
205	0	0	0	1442	0	0	0	0	0	0	0	1990	1990	7	0	11851	0	2	0	0	0
206	0	0	0	1696	0	0	0	0	1	0	0	1962	1962	5	0	13673	0	1	0	0	0
207	0	0	0	1100	0	0	0	0	0	419	0	1960	1960	4	0	12493	0	1	355	0	0
208	0	0	0	2062	0	0	0	0	0	1065	0	1989	1988	7	0	14364	0	2	60	0	0
209	0	0	0	1092	0	0	0	0	0	787	0	1964	1964	6	0	8250	0	2	0	0	0
210	0	0	0	864	0	0	0	0	0	468	0	1950	1925	5	0	5604	0	0	0	1	0
211	0	0	0	1212	0	0	0	0	0	36	0	2009	2009	6	0	10420	0	2	100	0	0
212	0	0	0	1852	0	1	0	0	0	822	0	2009	2009	7	0	8640	0	2	168	0	0
213	0	0	0	990	0	0	0	0	0	716	0	1995	1995	5	0	13568	0	2	224	0	0
214	0	0	0	1392	0	0	0	0	0	378	0	1977	1977	6	0	10900	0	1	0	0	0
215	0	0	0	1236	0	0	0	0	0	360	0	1996	1957	5	0	10011	0	1	0	0	0
216	0	0	0	1436	0	0	0	0	0	946	0	2004	2004	7	0	8450	0	2	139	0	0
217	0	0	0	1328	0	0	0	0	0	0	0	1950	1925	4	0	9906	0	1	0	0	0
218	0	0	0	1954	0	0	0	1	0	341	0	2006	1939	7	0	15660	0	2	0	0	0
219	0	0	0	1248	0	0	0	0	0	16	0	2006	2005	7	0	3010	0	2	108	0	0
220	0	0	0	1498	0	0	0	0	0	0	0	2006	2006	7	0	8990	0	2	351	0	0
221	0	0	0	2267	0	0	0	0	0	0	0	2002	2002	6	0	8068	0	2	120	0	0
222	0	0	0	1552	0	0	0	0	0	550	0	1975	1975	6	1	11475	0	2	209	0	0
223	0	0	0	864	0	0	0	0	0	524	0	1971	1971	4	0	10500	0	2	216	0	0
224	0	0	1	2392	0	0	0	0	0	56	0	2003	2003	10	0	13472	0	3	248	0	0
225	0	0	0	1302	0	0	0	0	0	0	1	1971	1971	5	0	1680	1	1	0	0	0
226	0	1	0	2520	0	0	0	0	0	565	0	1995	1995	7	0	9950	0	3	224	0	0
227	0	0	0	987	0	0	0	0	0	321	1	1970	1970	6	0	1869	1	1	0	0	0
228	0	0	0	912	0	0	0	0	0	842	0	1967	1967	5	0	8521	0	1	0	0	0
229	0	0	0	1555	0	0	0	0	0	16	0	2006	2005	7	0	3182	0	2	143	0	0
230	0	0	0	1194	0	0	0	0	0	0	0	1959	1959	6	0	8760	0	1	0	0	0
231	0	1	0	2794	0	0	0	0	0	689	0	1996	1995	8	0	15138	0	3	0	0	0
232	0	0	0	987	0	0	0	0	0	0	1	1972	1972	6	0	1680	1	1	0	0	0
233	0	0	0	894	0	0	0	0	0	182	0	1976	1976	5	0	10650	0	1	365	0	0
234	0	0	0	1960	0	0	0	0	0	625	0	2002	2002	6	0	7851	0	2	288	0	0
235	0	0	0	987	0	0	0	0	0	358	1	1971	1971	6	0	1680	0	1	0	0	0
236	0	0	0	1414	0	0	0	0	0	24	0	2004	2004	7	0	8773	0	2	132	0	0
237	0	0	0	1744	0	0	0	0	0	402	0	2003	1993	7	0	9453	0	2	370	0	0
238	0	0	1	1694	0	0	0	0	0	0	0	2007	2007	8	0	12030	0	3	168	0	0
239	0	0	0	1487	0	0	0	0	0	94	0	1950	1945	6	0	8741	0	1	0	0	0
240	0	0	0	1566	0	1	0	0	0	1078	0	2008	2008	8	0	9000	0	2	144	0	0
241	0	0	0	866	0	0	0	0	0	329	0	1997	1945	5	0	3880	0	0	58	1	0
242	0	0	0	1440	0	0	0	0	0	0	0	1950	1900	5	0	5000	0	1	0	0	0
243	0	0	0	1217	0	0	0	0	0	0	0	1980	1980	6	0	10762	0	1	0	0	0
244	0	0	0	2110	0	0	0	0	0	695	0	2002	1994	7	0	8880	0	2	0	0	0
245	0	0	0	1872	0	0	0	0	0	929	0	1988	1988	7	1	10400	0	2	197	0	0
246	0	0	0	1928	0	0	0	0	0	0	0	1950	1910	6	0	9142	0	1	0	0	0
247	0	0	0	1375	0	0	0	0	0	0	0	1954	1954	6	0	11310	0	2	0	0	0
248	0	0	0	1668	0	0	0	0	0	0	0	2003	2003	7	0	11317	0	2	144	0	0
249	0	0	0	2144	0	0	0	0	0	697	0	2006	1958	6	0	159000	0	2	0	0	0
250	0	0	0	1306	0	0	0	0	0	0	0	1966	1940	3	0	5350	0	0	263	1	0
251	0	0	0	1625	0	0	0	1	0	1573	0	2007	2006	8	0	4750	0	2	123	0	0
252	0	0	0	1640	0	0	0	0	0	0	0	2004	2004	6	0	8366	0	2	138	0	0
253	0	0	0	1302	0	0	0	0	0	270	0	1991	1964	6	0	9350	0	1	333	0	0
254	0	0	0	1314	0	0	0	0	0	922	0	1957	1957	5	0	8400	0	1	250	0	0
255	0	0	0	2291	0	0	0	0	0	0	0	1999	1999	7	0	8738	0	2	192	0	0
256	0	0	0	1728	0	1	0	0	0	503	0	2003	2003	6	0	8791	0	2	216	0	0
257	0	0	0	1604	0	0	0	0	0	1334	0	2006	2006	7	0	8814	0	2	123	0	0
258	0	0	0	1792	0	0	0	0	0	361	0	2001	2001	7	0	12435	0	2	0	0	0
259	0	0	0	882	0	0	0	0	0	0	0	1956	1956	5	0	12702	0	1	0	0	0
260	0	0	0	1382	0	0	0	0	0	672	0	1962	1962	6	0	19296	0	2	0	0	0
261	0	0	0	2574	0	0	0	0	0	0	0	2007	2007	8	0	9588	0	3	0	0	0
262	0	0	0	1212	0	0	0	0	0	506	0	1995	1977	6	0	8471	0	2	292	0	0
263	0	0	0	1316	0	0	0	0	0	234	0	2001	1929	5	0	5500	0	2	0	0	0
264	0	0	0	764	0	0	0	0	0	0	0	2004	1925	5	0	5232	0	2	0	0	0
265	0	0	0	1422	0	0	0	0	0	588	0	1981	1981	6	1	12090	0	2	276	0	0
266	0	0	0	1511	0	0	0	0	0	714	0	1997	1997	6	0	11207	0	2	95	0	0
267	0	0	0	2192	0	0	0	0	0	378	0	1997	1939	5	0	8400	0	1	262	0	0
268	0	0	0	778	0	0	0	0	0	403	0	1955	1940	5	0	6900	0	1	0	0	0
269	0	0	0	1113	0	0	0	0	0	751	0	1976	1976	6	0	7917	0	1	370	0	0
270	0	0	0	1939	0	1	0	0	0	0	0	2006	2006	8	0	10728	0	3	192	0	0
271	0	0	0	1363	0	0	0	0	0	226	0	2005	1954	7	0	39104	0	2	81	0	0
272	0	1	0	2270	0	0	0	0	0	524	0	2007	1999	8	0	11764	0	3	132	0	0
273	0	0	0	1632	0	0	0	0	0	620	0	1988	1958	6	0	9600	0	1	289	0	0
274	0	0	0	816	1	0	0	0	0	546	0	1982	1982	5	0	8314	0	1	168	0	0
275	0	0	0	1548	0	0	0	0	0	0	0	2007	1925	7	0	7264	0	2	74	0	0
276	0	0	0	1560	1	0	0	0	0	0	0	2003	2003	7	0	9196	0	2	100	0	0
277	0	0	0	864	0	0	0	0	0	120	0	1951	1951	4	0	19138	0	2	0	0	0
278	0	0	1	2121	0	0	0	0	0	0	0	2007	2006	9	0	14450	0	3	124	0	0
279	0	0	0	2022	0	0	0	0	0	392	0	1977	1977	7	0	10005	0	2	288	0	0
280	0	0	0	1982	0	0	0	0	0	421	0	1989	1989	7	0	11287	0	2	0	0	0
281	0	0	0	1262	0	1	0	0	0	905	0	2006	2006	6	0	7200	0	2	0	0	0
282	0	0	1	1314	0	0	0	0	0	904	0	2008	2007	7	0	5063	1	2	172	0	0
283	0	0	0	1468	0	1	0	0	0	0	0	2009	2008	8	0	9612	0	3	210	0	0
284	0	0	0	1575	0	0	0	0	0	430	0	1992	1992	6	0	8012	0	2	0	0	0
285	0	0	0	1250	0	1	0	0	0	0	0	2007	2006	7	0	4251	0	2	0	0	0
286	0	0	0	1734	0	0	0	0	0	600	0	1981	1962	6	0	9786	0	2	0	0	0
287	0	0	0	858	0	0	0	0	0	614	0	1971	1971	4	0	8125	0	0	0	1	0
288	0	0	0	900	0	0	0	0	0	450	0	1967	1967	5	0	9819	0	1	0	0	0
289	0	0	0	1396	0	0	0	0	0	0	0	2003	1915	6	0	8730	0	1	0	0	0
290	0	0	0	1919	0	0	0	0	0	0	0	2006	2006	8	0	15611	0	2	0	0	0
291	0	0	0	1716	0	0	0	0	0	210	0	2000	1912	5	0	5687	0	0	0	1	0
292	0	0	0	1716	0	0	0	0	0	292	0	2008	1949	5	0	11409	0	1	0	0	0
293	0	0	0	2263	0	0	0	0	0	795	0	1994	1977	7	1	16659	0	2	0	0	0
294	0	0	0	1644	0	0	0	0	0	1285	0	1953	1953	6	0	9600	0	2	110	0	0
295	0	0	0	1003	1	0	0	0	0	819	0	1984	1984	6	0	7937	0	2	120	0	0
296	0	0	0	1558	0	0	0	0	0	420	0	1950	1950	5	0	13710	0	1	289	0	0
297	0	0	0	1950	0	1	0	0	0	649	0	1998	1997	7	0	7399	0	2	0	0	0
298	0	0	0	1743	0	0	0	0	0	384	0	1968	1968	6	1	11700	0	2	224	0	0
299	0	0	0	1152	0	0	0	1	0	0	0	2004	1950	6	0	14000	0	1	0	0	0
300	0	0	0	1336	0	0	0	1	0	841	0	1953	1953	5	0	15750	0	1	0	0	0
301	0	0	0	2452	0	0	0	0	0	281	0	1999	1998	8	0	16226	0	2	208	0	0
302	0	0	0	1541	0	0	0	0	0	0	0	2002	2001	7	0	13704	0	3	468	0	0
303	0	0	0	894	0	0	0	0	0	894	0	1972	1972	5	0	9800	0	2	256	0	0
304	0	0	0	3493	0	0	0	0	0	0	0	2002	1880	7	0	18386	0	3	302	0	0
305	0	0	0	2000	0	0	0	0	0	1464	0	2005	2004	8	0	10386	0	3	168	0	0
306	0	0	0	2243	0	0	0	0	0	700	0	1991	1990	7	0	13474	0	3	127	0	0
307	0	0	0	1406	0	0	0	0	0	0	0	1950	1920	6	0	7920	0	0	0	1	0
308	0	0	0	861	0	0	0	0	0	262	0	1950	1940	4	0	12342	0	2	158	0	0
309	0	0	1	1944	0	0	0	0	0	1274	0	2004	2003	9	0	12378	0	3	208	0	0
310	0	0	0	1501	0	0	0	0	0	518	0	1994	1993	6	0	7685	0	2	190	0	0
311	0	0	0	972	0	0	0	0	0	680	0	2002	1948	6	0	8000	0	1	0	0	0
312	0	0	0	1118	0	0	0	0	0	507	0	1950	1939	5	0	7800	0	2	0	0	0
313	0	0	0	2036	0	0	0	0	0	1236	0	1965	1965	7	0	215245	0	2	0	0	0
314	0	0	0	1641	0	0	0	0	0	16	0	1990	1925	7	0	9600	0	2	0	0	0
315	0	0	0	1432	0	0	0	0	0	425	0	2005	2004	7	0	7795	0	2	100	0	0
316	0	0	0	2353	0	0	0	0	0	692	0	1980	1980	7	1	13005	0	2	288	0	0
317	0	0	0	1959	0	1	0	0	0	0	0	2006	2006	8	0	9000	0	3	208	0	0
318	0	1	0	2646	0	0	0	0	0	987	0	1993	1993	7	0	9900	0	3	340	0	0
319	0	0	0	1472	0	0	0	0	0	1036	0	1980	1980	7	1	14115	0	2	233	0	0
320	0	0	1	2596	0	0	0	0	0	0	0	2006	2006	9	0	16259	0	3	240	0	0
321	0	0	1	2468	0	0	0	0	0	970	0	2004	2004	8	0	12099	0	3	184	0	0
322	0	0	0	2730	0	0	0	0	0	28	0	1987	1986	7	0	10380	0	2	201	0	0
323	0	0	0	1163	0	0	0	0	0	256	0	2005	1955	3	0	5820	0	1	142	0	0
324	0	0	0	2978	0	0	0	0	0	0	0	2007	1967	7	0	11275	0	2	240	0	0
325	0	0	0	803	0	0	0	0	1	116	0	1950	1941	5	0	5000	0	2	0	0	0
326	0	0	0	1719	0	0	1	0	0	1619	0	1993	1993	8	0	10846	0	2	122	0	0
327	0	0	0	1383	0	0	0	0	0	565	0	1960	1960	6	0	11600	0	1	0	0	0
328	0	0	0	2134	0	0	0	0	0	0	0	1994	1916	6	0	11888	0	2	0	0	0
329	0	0	0	1192	0	0	0	0	0	0	0	1950	1920	5	0	6402	0	1	0	0	0
330	0	0	0	1728	0	0	0	0	0	40	0	1964	1964	5	0	10624	0	1	155	0	0
331	0	0	0	1056	0	0	0	0	0	846	0	1992	1958	5	0	8176	0	1	0	0	0
332	0	0	1	1629	0	0	0	0	0	1124	0	2004	2003	8	0	10655	0	3	0	0	0
333	0	0	1	1358	0	0	0	0	0	720	0	2004	2004	7	0	8198	0	2	192	0	0
334	0	0	0	1638	0	0	0	0	0	828	0	1998	1998	6	0	9042	0	2	100	0	0
335	0	0	0	1786	0	0	0	0	0	1249	0	1965	1965	5	0	164660	0	2	670	0	0
336	1	0	0	1922	0	0	0	0	0	1249	0	2006	2005	9	0	14157	0	3	178	0	0
337	0	0	0	1536	0	0	0	0	0	810	0	2003	2002	7	0	9135	0	2	192	0	0
338	0	0	0	1621	0	0	0	0	0	213	0	1998	1984	7	1	14145	0	2	108	0	0
339	0	0	0	1215	0	0	0	0	0	585	0	1998	1958	6	0	12400	0	1	0	0	0
340	0	0	0	1908	0	0	0	0	0	0	0	2002	2002	8	0	14191	0	2	135	0	0
341	0	0	0	841	0	0	0	0	0	0	0	1950	1950	4	0	8400	0	1	250	0	0
342	0	0	0	1040	0	0	0	0	0	0	0	1950	1949	3	0	8544	0	2	0	0	0
343	0	0	1	1684	0	0	0	0	0	28	0	2005	2005	9	0	8849	0	2	495	0	0
344	0	0	0	1112	0	0	0	0	0	129	0	1976	1976	5	0	2592	0	1	182	0	0
345	0	0	0	1577	0	0	0	0	0	0	0	1950	1939	6	0	6435	0	1	0	0	0
346	0	0	0	958	0	0	0	0	0	498	0	1998	1960	6	0	12772	0	1	0	0	0
347	0	0	0	1478	0	0	0	0	0	1270	0	1960	1960	6	0	17600	0	2	0	0	0
348	0	0	1	1626	0	0	0	0	0	573	0	2004	2003	7	0	2448	1	2	0	0	0
349	0	0	1	2728	0	0	0	0	0	1410	0	2006	2005	9	0	20431	0	3	0	0	0
350	0	0	1	1869	0	0	0	0	0	0	0	2007	2007	9	0	7820	0	2	210	0	0
351	0	0	0	1453	0	0	0	0	0	1082	0	1986	1986	7	0	5271	0	2	0	0	0
352	0	0	0	1111	0	0	0	0	0	236	0	1950	1941	5	0	9084	0	1	48	0	0
353	0	0	0	720	0	0	0	0	0	0	0	2003	1928	6	0	8520	0	2	106	0	0
354	0	0	0	1595	0	0	0	0	0	388	0	2000	1940	6	0	8400	0	1	0	0	0
355	0	0	0	1200	0	0	0	0	0	334	0	1995	1995	6	0	11249	0	2	0	0	0
356	0	0	0	1167	0	0	0	0	0	560	0	1992	1992	6	0	9248	0	2	120	0	0
357	0	0	0	1142	0	0	0	0	0	874	0	1976	1976	5	0	4224	0	2	536	0	0
358	0	0	0	1352	0	0	0	0	0	300	0	1958	1958	5	0	6930	0	1	168	0	0
359	0	1	0	1924	0	0	0	0	0	956	0	1998	1998	8	0	12011	0	2	208	0	0
360	0	0	0	912	1	0	0	0	0	773	0	1978	1978	6	0	7540	0	2	0	0	1
361	0	0	0	1505	0	0	0	0	0	399	0	1982	1940	5	0	9144	0	1	0	0	0
362	0	0	0	1922	0	0	0	0	0	0	0	2003	2003	7	0	7301	0	2	0	0	1
363	0	0	0	987	0	0	0	0	0	162	1	2007	1972	6	0	1680	1	1	250	0	0
364	0	0	0	1574	0	0	0	0	0	712	0	1976	1976	6	1	18800	0	2	306	0	0
365	0	0	0	1344	0	0	0	0	0	456	0	1997	1920	5	0	10690	0	1	0	0	0
366	0	0	0	1394	0	0	0	0	0	609	0	1963	1963	6	0	9500	0	2	0	0	0
367	0	0	0	1431	0	0	0	0	0	371	0	1962	1962	6	0	9150	0	1	64	0	0
368	0	0	0	1268	0	0	0	0	0	540	0	1954	1954	5	0	7800	0	1	0	0	0
369	0	0	0	1287	0	0	0	0	0	72	0	2006	1959	5	0	9830	0	2	364	0	0
370	0	0	0	1664	0	0	0	0	0	0	0	2000	2000	6	0	8121	0	2	100	0	0
371	0	0	0	1588	0	0	0	0	0	0	0	1959	1959	4	0	17120	0	2	0	0	0
372	0	0	0	752	0	0	0	0	0	623	0	1984	1984	6	0	7175	0	1	353	0	0
373	0	0	0	1319	0	0	0	0	0	428	0	1953	1953	5	0	10634	0	1	66	0	0
374	0	0	0	1928	0	0	0	0	0	0	0	2004	2003	7	0	8200	0	2	100	0	0
375	0	0	0	904	0	0	0	0	0	350	0	1950	1922	1	0	10020	0	0	0	1	0
376	0	0	0	914	0	0	0	0	0	298	0	1996	1996	5	0	8846	0	2	0	0	1
377	0	0	0	2466	0	1	0	0	0	0	0	2005	2004	8	0	11143	0	2	159	0	0
378	1	0	0	1856	0	0	0	0	0	1445	0	2010	2010	9	0	11394	0	3	113	0	0
379	0	0	0	1800	0	0	0	0	0	0	0	2000	2000	6	0	8123	0	2	100	0	0
380	0	0	0	1691	0	0	0	0	0	218	0	1950	1924	5	0	5000	0	1	0	0	0
381	0	0	0	1301	0	1	0	0	0	0	0	2006	2006	7	0	7200	0	2	216	0	0
382	0	0	0	1797	0	0	0	0	0	0	0	2006	2006	7	0	9245	0	2	144	0	0
383	0	0	0	784	0	0	0	0	0	0	0	1950	1928	6	0	9000	0	2	0	0	0
384	0	0	0	1953	0	0	0	0	0	985	0	1992	1992	6	0	53107	0	2	216	0	0
385	0	0	0	1269	0	0	0	0	0	24	0	2005	2004	8	0	3182	0	2	146	0	0
386	0	0	0	1184	0	0	0	0	0	0	0	1996	1910	5	0	8410	0	0	0	1	0
387	0	0	0	1125	0	0	0	0	0	631	0	1976	1976	6	0	7200	0	1	296	0	0
388	0	0	0	1479	0	0	0	0	0	0	0	2000	1999	7	0	9382	0	2	120	0	0
389	0	0	1	2332	0	0	0	0	0	1280	0	2008	2007	10	0	12474	0	3	196	0	0
390	0	0	0	1367	0	0	0	0	0	241	0	1950	1900	5	0	8405	0	1	0	0	0
391	0	0	0	1961	1	0	0	0	0	690	0	2002	2001	6	0	12209	0	2	125	0	0
392	0	0	0	882	0	0	0	0	0	0	0	1959	1959	5	0	8339	0	1	0	0	0
393	0	0	0	788	0	0	0	0	0	266	0	1950	1941	4	0	7446	0	0	0	1	0
394	0	0	0	1034	0	0	0	0	0	0	0	1950	1940	5	0	10134	0	1	0	0	0
395	0	0	0	1144	0	0	0	0	0	739	0	1956	1956	5	0	9571	0	1	44	0	0
396	0	0	0	894	0	0	0	0	0	777	0	1972	1972	5	0	7200	0	2	215	0	0
397	0	0	0	1812	0	0	0	0	0	540	0	1962	1962	5	0	7590	0	1	0	0	0
398	0	0	0	1077	0	0	0	0	0	0	0	1950	1920	5	0	8967	0	1	0	0	0
399	0	0	0	1550	0	1	0	0	0	812	0	2007	2006	7	0	8125	0	2	0	0	0
400	0	0	0	1288	0	0	1	0	0	786	0	1996	1996	8	0	14963	0	2	120	0	0
401	0	0	0	1310	0	0	0	0	0	24	0	2005	2005	7	0	8767	0	2	0	0	0
402	0	0	0	672	0	0	0	0	0	0	0	1997	1940	5	0	10200	0	1	168	0	0
403	0	1	0	2263	0	0	0	0	0	0	0	1998	1998	8	0	12090	0	2	144	0	0
404	0	0	0	1572	0	0	0	0	0	0	0	1996	1995	6	0	10364	0	2	0	0	0
405	0	0	0	1620	0	0	0	0	0	1116	0	1993	1976	4	0	9991	0	2	120	0	0
406	0	0	0	1639	0	0	0	0	0	0	0	1950	1936	6	0	10480	0	1	0	0	0
407	0	0	0	1680	0	0	0	1	0	0	0	1976	1915	6	0	15576	0	1	0	0	0
408	0	0	1	2172	0	0	0	0	0	0	0	2006	2006	7	0	14154	0	3	192	0	0
409	0	0	0	2078	0	1	0	0	0	789	0	2008	2007	8	0	10800	0	3	0	0	0
410	0	0	0	1276	0	0	0	0	0	0	0	1958	1958	5	0	9571	0	1	0	0	0
411	0	0	0	1056	0	0	0	0	0	1056	0	1955	1955	5	0	34650	0	2	264	0	0
412	0	0	0	1478	0	1	0	0	0	578	0	2009	2009	7	0	4403	0	2	0	0	0
413	0	0	0	1028	0	0	0	0	0	0	0	1950	1927	5	0	8960	0	2	0	0	0
414	0	0	0	2097	0	0	0	0	0	50	0	1993	1993	7	0	11228	0	3	196	0	0
415	0	0	0	1340	0	0	0	0	0	24	0	2007	2007	7	0	8899	0	2	100	0	0
416	0	0	0	1400	0	0	0	0	0	209	0	1978	1978	6	0	7844	0	2	0	0	0
417	0	0	0	2624	0	0	0	1	0	1128	0	1950	1918	6	0	22420	0	3	0	0	0
418	0	0	0	1134	0	0	0	0	0	312	0	1950	1940	5	0	8160	0	1	0	0	0
419	0	0	0	1056	0	0	0	0	0	775	0	1968	1968	5	0	8450	0	1	0	0	0
420	0	0	0	1344	1	0	0	0	0	1309	0	1998	1997	7	0	7060	0	4	0	0	1
421	0	0	0	1602	0	0	0	0	0	1246	0	2000	1977	6	1	16635	0	2	240	0	0
422	0	0	0	988	1	0	0	0	0	0	0	1954	1954	5	0	21750	0	2	0	0	0
423	0	1	0	2630	0	0	0	0	0	986	0	1998	1998	8	0	9200	0	3	0	0	0
424	0	0	0	1196	0	0	0	0	0	616	0	1956	1956	6	0	9000	0	1	0	0	0
425	0	0	0	1389	0	0	0	0	0	0	0	1992	1946	7	0	3378	0	1	0	0	0
426	0	0	0	1644	0	0	0	0	0	1518	0	1989	1989	7	0	12800	0	2	80	0	0
427	0	0	0	907	0	0	0	0	0	288	0	1957	1957	4	0	8593	0	1	0	0	0
428	0	0	0	1208	0	0	0	0	0	664	0	2007	2007	7	0	6762	0	2	105	0	0
429	0	0	0	1412	0	0	0	0	0	1005	0	1988	1988	6	0	11457	0	2	0	0	0
430	0	0	0	987	0	0	0	0	0	387	1	1971	1971	6	0	1680	1	1	0	0	0
431	0	0	0	1198	0	0	0	0	0	0	0	1998	1920	6	0	5586	0	0	0	1	0
432	0	0	0	1365	0	0	0	0	0	471	1	1971	1971	5	0	1920	0	2	240	0	0
433	0	0	0	1604	0	0	0	0	0	0	0	1998	1997	6	0	10839	0	2	0	0	0
434	0	0	0	630	0	0	0	0	0	495	0	1972	1972	4	0	1890	1	0	88	1	1
435	0	0	0	1661	0	0	0	0	0	385	0	1996	1996	7	0	10667	0	2	158	0	0
436	0	0	0	1118	0	0	0	0	0	0	0	1950	1920	6	0	4400	0	2	0	0	0
437	0	0	0	904	0	0	0	0	0	0	0	2004	1926	6	0	6000	0	1	0	0	0
438	0	0	0	694	0	0	0	1	0	365	0	2002	1913	5	0	4280	0	1	0	0	0
439	0	0	0	1196	0	0	0	0	0	0	0	2000	1920	6	0	12354	0	2	0	0	0
440	0	0	1	2402	0	0	0	0	0	1767	0	2008	2008	10	0	15431	0	3	0	0	0
441	0	0	0	1440	0	0	0	0	0	133	0	1955	1955	4	0	12108	0	0	0	1	0
442	0	0	0	1573	0	0	0	0	0	0	0	1992	1930	5	0	6240	0	2	0	0	0
443	0	0	0	1258	0	0	0	0	0	0	0	2007	2006	7	0	3922	0	3	144	0	0
444	0	0	0	1908	0	0	0	0	0	642	0	1995	1994	7	0	8750	0	2	144	0	0
445	0	0	0	1689	0	0	0	0	0	0	0	1956	1956	6	0	9855	0	2	0	0	0
446	0	0	0	1888	0	0	0	0	0	247	0	2002	1966	6	0	16492	0	2	0	0	0
447	0	0	0	1886	0	0	0	0	0	0	0	1999	1998	7	0	11214	0	2	89	0	0
448	0	0	0	1376	0	0	0	0	0	0	0	1950	1937	6	0	8600	0	1	0	0	0
449	0	0	0	1183	0	0	0	0	0	331	0	2002	1948	3	0	6000	0	1	0	0	0
450	0	0	0	813	0	0	0	0	0	0	0	2005	1930	6	0	5684	0	1	0	0	0
451	0	0	0	1533	0	0	0	0	0	655	0	1975	1975	7	0	70761	0	2	200	0	0
452	0	0	0	1756	0	0	0	0	0	742	0	1997	1996	6	0	9303	0	2	144	0	0
453	0	0	0	1590	0	1	0	0	0	0	0	2008	2008	8	0	9000	0	2	0	0	0
454	0	0	0	1728	1	0	0	0	0	1606	0	1976	1976	5	0	9297	0	2	0	0	0
455	0	0	0	1242	0	0	0	0	0	916	0	1973	1973	7	1	9600	0	2	0	0	0
456	0	0	0	1344	0	0	0	0	0	0	0	1950	1916	5	0	4571	0	3	0	0	0
457	0	0	0	1663	0	0	0	0	0	1116	0	1994	1954	4	0	53227	0	2	224	0	0
458	0	0	0	1666	0	0	0	0	0	0	0	1996	1925	8	0	5100	0	1	192	0	0
459	0	0	0	1203	0	0	0	0	0	185	0	1950	1950	5	0	7015	0	1	0	0	0
460	0	0	0	1935	0	1	0	0	0	544	0	2009	2009	8	0	8004	0	2	0	0	0
461	0	0	0	1135	0	0	0	0	0	350	0	2007	1936	7	0	7200	0	2	256	0	0
462	0	0	0	864	0	0	0	0	0	553	0	1965	1965	5	0	8281	0	1	0	0	0
463	0	0	0	1660	0	0	0	1	0	326	0	1995	1934	6	0	11988	0	1	0	0	0
464	0	0	0	1040	0	0	0	0	0	616	0	1978	1978	5	0	8430	0	0	0	1	0
465	0	0	0	1414	0	0	0	0	0	0	0	2004	2004	7	0	3072	0	2	144	0	0
466	0	0	0	1277	0	0	0	0	0	778	0	1970	1970	7	0	10628	0	2	0	0	0
467	0	0	0	1644	0	0	0	0	0	386	0	1995	1942	5	0	9480	0	1	168	0	0
468	0	0	1	1634	0	0	0	0	0	0	0	2006	2006	8	0	11428	0	3	0	0	0
469	0	0	0	1710	0	0	0	0	0	426	0	1993	1993	6	0	9291	0	2	144	0	0
470	1	0	0	1502	0	0	0	0	0	368	0	1985	1985	8	0	6820	0	2	0	0	0
471	0	0	0	1969	0	0	0	0	0	0	0	1977	1977	7	1	11952	0	2	0	0	0
472	0	0	0	1072	0	0	0	0	0	459	0	2005	2005	6	0	3675	0	2	0	0	0
473	0	0	1	1976	0	0	0	0	0	1350	0	2007	2006	8	0	14977	0	3	250	0	0
474	1	0	0	1652	0	0	0	0	0	1196	0	2000	2000	8	0	5330	0	2	96	0	0
475	0	0	0	970	0	0	0	0	0	630	0	1963	1963	5	0	8480	0	2	0	0	0
476	0	0	0	1493	0	0	0	0	0	994	0	1998	1997	6	0	13125	0	2	140	0	0
477	0	0	1	2643	0	0	0	0	0	0	0	2006	2006	9	0	13693	0	3	414	0	0
478	0	0	0	1718	0	0	0	0	0	1288	0	2008	2007	8	0	10637	0	3	208	0	0
479	0	0	0	1131	0	0	0	0	0	168	0	2000	1937	4	0	5925	0	2	0	0	0
480	0	0	1	1850	0	0	0	0	0	1261	0	2005	2004	9	0	16033	0	3	519	0	0
481	0	0	1	1792	0	0	0	0	0	1567	0	2004	2003	9	0	11846	0	3	206	0	0
482	0	0	0	1826	0	0	0	0	0	299	0	2005	1915	7	0	2500	0	1	0	0	0
483	0	0	0	1216	1	0	0	0	0	897	0	1998	1998	6	0	4500	1	2	0	0	0
484	0	0	0	999	0	0	0	0	0	588	0	2001	1962	5	0	7758	0	1	0	0	0
485	0	0	0	1113	0	0	0	0	0	607	0	2007	1950	5	0	9600	0	1	0	0	0
486	0	0	0	1073	0	0	0	0	0	836	0	1965	1965	5	0	10289	0	2	0	0	0
487	0	0	0	1484	0	0	0	0	0	998	0	1971	1971	5	1	12243	0	2	224	0	0
488	0	0	0	2414	0	0	0	0	0	664	0	1970	1900	5	0	10800	0	2	142	0	0
489	0	0	0	630	0	0	0	0	0	515	0	2002	1970	4	0	1526	1	1	0	0	1
490	0	0	0	1304	0	0	0	0	0	0	0	1976	1976	5	0	2665	0	1	141	0	0
491	0	0	0	1578	0	0	0	0	0	403	0	1950	1941	6	0	9490	0	1	0	0	0
492	0	0	0	1456	0	0	0	0	0	0	0	2006	2006	6	0	15578	0	2	0	0	0
493	0	0	0	1269	0	0	0	0	0	374	0	1960	1960	5	0	7931	0	1	0	0	0
494	0	0	0	886	0	0	0	0	0	0	0	1996	1938	5	0	5784	0	1	144	0	0
496	0	1	0	3228	0	0	0	0	0	1231	0	1993	1992	8	0	12692	0	2	264	0	0
497	0	0	0	1820	0	0	0	0	0	329	0	1950	1925	7	0	9120	0	1	0	0	0
498	0	0	0	899	0	0	0	0	0	450	0	2004	1967	5	0	7800	0	1	64	0	0
499	0	0	0	912	0	0	0	0	0	111	0	1985	1958	5	0	7535	0	1	12	0	0
500	0	0	0	1218	0	0	0	0	0	356	1	1973	1973	6	0	1890	1	1	144	0	0
501	0	0	0	1768	0	1	0	0	0	400	0	2005	2005	7	0	9803	0	2	0	0	0
502	0	0	0	1214	0	0	0	0	0	698	0	1965	1965	5	0	9170	0	2	0	0	0
503	0	0	0	1801	0	0	0	1	0	1247	0	1997	1959	7	0	15602	0	2	0	0	0
504	0	0	0	1322	0	0	0	0	0	257	0	1974	1974	6	0	2308	0	2	260	0	0
505	0	0	0	1960	0	0	0	0	0	0	0	1952	1952	5	0	7596	0	2	0	0	0
506	0	0	0	1911	0	0	0	0	0	380	0	1994	1993	8	0	9554	0	2	182	0	0
507	0	0	0	1218	0	1	0	0	0	27	0	2009	2009	6	0	7862	0	2	0	0	0
508	0	0	0	1378	0	0	0	0	0	141	0	2005	1928	7	0	9600	0	2	0	0	0
509	0	0	0	1041	0	0	0	0	0	991	0	1959	1959	5	0	9600	0	1	224	0	0
510	0	0	0	1363	0	0	0	0	0	650	0	2000	1951	5	0	14559	0	1	324	0	0
511	0	0	1	1368	0	0	0	0	0	0	0	2006	2005	7	0	6792	0	2	132	0	0
512	0	0	0	864	0	0	0	0	0	521	0	1958	1958	5	0	9100	0	2	0	0	0
513	0	0	0	1080	1	0	0	0	0	336	0	1983	1983	6	0	9187	0	2	120	0	0
514	0	0	0	789	0	0	0	1	0	0	0	1950	1926	5	0	10594	0	1	0	0	0
515	0	0	1	2020	0	0	0	0	0	1436	0	2009	2009	10	0	12220	0	3	156	0	0
516	0	0	0	2119	0	0	0	0	0	0	0	1972	1972	6	1	10448	0	2	0	0	0
517	0	1	0	2344	0	0	0	0	0	0	0	1997	1996	7	0	10208	0	3	220	0	0
518	0	0	0	1796	0	0	0	0	0	706	0	1998	1998	6	0	9531	0	2	0	0	0
519	0	0	0	2080	0	0	0	1	0	0	0	2004	1926	7	0	10918	0	1	0	0	0
520	0	0	0	1294	0	0	0	0	0	0	0	2000	1900	4	0	10800	0	0	220	1	0
521	0	0	0	1244	0	0	0	0	0	777	0	1957	1957	6	0	11988	0	1	0	0	0
522	0	0	0	1664	0	0	0	0	0	399	0	1950	1947	6	0	5000	0	2	0	0	0
523	0	0	0	4676	0	0	0	0	0	2260	0	2008	2007	10	0	40094	0	3	208	0	0
524	0	1	0	2398	0	0	0	0	0	719	0	1997	1996	7	0	11787	0	3	239	0	0
525	0	0	0	1266	0	1	0	0	0	0	0	2005	2005	7	0	7500	0	2	38	0	0
526	0	0	0	928	0	0	0	0	0	377	0	2000	1956	5	0	13300	0	1	261	0	0
527	0	0	1	2713	0	0	0	0	0	1330	0	2008	2008	9	0	14948	0	3	126	0	0
528	0	0	0	605	0	0	0	0	0	348	0	2002	1920	4	0	9098	0	0	0	1	0
529	0	0	0	2515	0	0	0	1	0	1219	0	1975	1957	6	0	32668	0	2	0	0	0
530	0	0	0	1509	0	0	0	0	0	783	0	1989	1988	6	0	10200	0	2	224	0	0
531	0	0	0	1362	0	0	0	0	0	0	0	1999	1920	6	0	6155	0	2	0	0	0
532	0	0	0	827	0	0	0	0	0	0	0	2007	1955	5	0	7200	0	1	0	0	0
533	0	0	0	334	0	0	0	0	0	0	0	1950	1946	1	0	5000	0	0	0	1	0
534	0	0	0	1414	0	0	0	0	0	0	0	2004	2004	8	0	9056	0	2	100	0	0
535	0	0	0	1347	0	0	0	0	0	969	0	1991	1910	5	0	7000	0	0	85	1	0
536	0	0	0	1724	0	0	0	0	0	0	0	1999	1998	7	0	8924	0	2	120	0	0
537	0	0	0	864	0	0	0	0	0	600	0	1972	1972	4	0	12735	0	2	216	0	0
538	0	0	0	1159	0	0	0	0	0	673	0	1968	1968	5	0	11553	0	1	466	0	0
539	0	0	0	1601	0	0	0	0	0	1358	0	2002	2001	8	0	11423	0	2	180	0	0
540	0	0	0	1838	0	0	0	0	0	1260	0	2006	2006	9	0	14601	0	3	270	0	0
541	0	1	0	2285	0	0	0	0	0	0	0	2000	2000	8	0	11000	0	3	0	0	0
542	0	0	0	1680	0	0	0	0	0	144	0	1999	1998	7	1	10140	0	2	78	0	0
543	0	0	0	767	0	0	0	0	0	584	0	1998	1998	7	0	4058	0	1	120	0	1
544	0	0	0	1496	0	0	0	0	0	554	0	2006	2006	7	0	17104	0	2	100	0	0
545	0	0	0	2183	0	0	0	0	0	1002	0	1988	1988	7	1	13837	0	3	0	0	0
546	0	0	0	1635	0	0	0	0	0	300	0	1950	1923	6	0	8737	0	2	0	0	0
547	0	0	0	768	1	0	0	0	0	619	0	1970	1970	5	0	7244	0	2	104	0	1
548	0	0	0	825	0	0	0	0	0	180	0	1995	1955	5	0	8235	0	2	140	0	0
549	0	0	0	2094	0	1	0	0	0	0	0	2004	2003	7	0	9375	0	2	182	0	0
550	0	0	0	1069	0	0	0	0	0	559	0	1977	1977	6	0	4043	0	2	0	0	0
551	0	0	0	928	0	0	0	0	0	308	0	1957	1957	5	0	6000	0	1	0	0	0
552	0	0	1	1717	0	0	0	0	0	0	0	2006	2006	8	0	11146	0	3	169	0	0
553	0	0	0	1126	0	0	0	0	0	0	0	2003	1949	4	0	8777	0	2	0	0	0
554	0	0	1	2046	0	0	0	0	0	866	0	2004	2003	7	0	10625	0	3	320	0	0
555	0	0	0	1048	0	0	0	0	0	0	0	1950	1922	5	0	6380	0	1	0	0	0
556	0	0	0	1092	0	0	0	0	0	895	0	1957	1957	5	0	14850	0	1	268	0	0
558	0	0	0	1446	0	0	0	0	0	604	0	1997	1996	7	0	21872	0	2	264	0	0
559	0	0	0	1557	0	0	0	0	0	0	0	2004	2003	7	0	3196	0	2	143	0	0
560	0	0	0	1392	0	0	0	0	0	1302	0	1996	1957	5	0	11341	0	2	0	0	0
561	0	0	0	1389	1	0	0	0	0	1071	0	1975	1974	5	0	10010	0	2	240	0	0
562	0	0	0	996	0	0	0	0	0	290	0	1969	1940	5	0	13907	0	0	144	1	0
563	0	0	0	1674	0	0	0	0	0	0	0	1950	1918	6	0	21780	0	2	72	0	0
564	0	1	0	2295	0	0	0	0	0	728	0	2000	1992	7	0	13346	0	2	0	0	0
565	0	0	0	1647	0	0	0	0	0	0	0	1950	1915	6	0	6858	0	1	0	0	0
566	1	0	0	2504	0	0	0	0	0	0	0	2007	2005	9	0	11198	0	3	144	0	0
567	0	0	1	1535	0	0	0	0	0	2	0	2004	2004	7	0	10171	0	2	0	0	0
568	0	0	0	2132	0	0	0	0	0	1441	0	2009	1983	8	0	12327	0	2	349	0	0
569	0	0	0	943	0	0	0	0	0	943	0	1979	1979	5	0	7032	0	2	42	0	1
570	0	0	0	1728	0	0	0	0	0	231	0	1965	1965	5	0	13101	0	2	0	0	0
571	0	0	0	864	0	0	0	0	0	414	0	1959	1959	6	0	7332	0	1	168	0	0
572	0	0	0	1692	0	0	0	0	0	0	0	2009	2009	7	0	13159	0	2	208	0	0
573	0	0	0	1430	0	0	0	0	0	0	0	2000	2000	7	0	9967	0	2	100	0	0
574	0	0	0	1109	0	0	0	0	0	349	0	2005	1971	5	0	10500	0	1	35	0	0
575	0	0	0	1216	0	0	0	0	0	442	0	1950	1947	5	0	8480	0	1	158	0	0
576	0	0	0	1477	0	0	0	0	0	0	0	1950	1928	7	0	6292	0	1	0	0	0
577	0	0	0	1320	0	0	0	0	0	328	0	1966	1966	5	0	11777	0	2	160	0	0
578	0	0	0	1392	0	1	0	0	0	0	0	2007	2007	7	0	3604	0	2	0	0	0
579	0	0	0	1795	0	0	0	0	0	0	0	1954	1954	5	0	12150	0	1	0	0	0
580	0	0	0	1429	0	0	0	0	0	594	0	1987	1960	6	0	14585	0	2	216	0	0
581	0	0	1	2042	0	0	0	0	0	0	0	2009	2008	8	0	12704	0	3	0	0	0
582	0	0	0	816	0	0	0	0	0	816	0	1990	1990	6	0	11841	0	0	0	1	1
583	0	0	0	2775	0	0	0	0	0	0	0	2000	1893	10	0	13500	0	2	105	0	0
584	0	0	0	1573	0	0	0	0	0	0	0	1995	1935	4	0	6120	0	1	0	0	0
585	0	0	0	2028	0	0	0	0	0	1460	0	2006	2005	8	0	11443	0	3	326	0	0
586	0	0	0	838	0	0	0	0	0	210	0	2000	1918	6	0	10267	0	1	0	0	0
587	0	0	0	860	0	0	0	0	0	672	0	1982	1982	5	0	8740	0	2	0	0	1
588	0	0	0	1473	0	0	0	0	0	1324	0	2003	1968	5	0	25095	0	1	0	0	0
589	0	0	0	935	0	0	0	0	0	0	0	1960	1930	5	0	9100	0	1	0	0	0
590	0	0	0	1582	0	0	0	0	0	490	0	2004	2004	7	0	8320	0	2	0	0	0
591	0	0	1	2296	0	0	0	0	0	1338	0	2008	2008	10	0	13478	0	3	382	0	0
592	0	0	0	816	1	0	0	0	0	816	0	2003	1982	5	0	6600	0	2	0	0	0
593	0	0	0	848	0	0	0	0	0	685	0	2003	2003	6	0	4435	0	2	140	0	0
594	0	0	0	924	0	0	0	0	0	0	0	1975	1975	5	0	7990	0	1	0	0	0
595	1	0	0	1826	0	0	0	0	0	1422	0	2006	2005	8	0	11302	0	3	180	0	0
596	0	0	0	1368	0	0	0	0	0	0	0	1993	1910	6	0	3600	0	1	0	0	0
597	0	0	0	1402	0	0	0	0	0	0	0	2007	2006	7	0	3922	0	3	120	0	0
598	0	0	0	1647	0	0	0	1	0	1283	0	1977	1977	5	0	12984	0	2	0	0	0
599	0	0	0	1556	0	0	0	0	0	81	0	1980	1980	6	0	1950	1	2	161	0	0
600	0	0	1	1904	0	0	0	0	0	546	0	2005	2005	8	0	10927	0	2	179	0	0
601	0	0	0	1375	0	0	0	0	0	0	0	1950	1937	6	0	9000	0	1	0	0	0
602	0	0	0	1915	0	0	0	0	0	789	0	1992	1992	8	0	10041	0	2	120	0	0
603	0	0	0	1200	0	1	0	0	0	0	0	2005	2004	7	0	3182	0	2	0	0	0
604	0	0	0	1494	0	0	0	0	0	922	0	2002	2002	7	0	12803	0	2	192	0	0
605	0	0	0	1986	0	0	0	0	0	454	0	1990	1965	7	0	13600	0	2	0	0	0
606	0	0	0	1040	0	0	0	0	0	732	0	1996	1996	5	0	12464	0	2	168	0	0
607	0	0	0	2008	0	0	0	0	0	603	0	2002	1948	5	0	7800	0	1	103	0	0
608	0	0	0	3194	0	0	0	1	0	428	0	1998	1934	8	0	12168	0	2	0	0	0
609	0	0	0	1029	0	0	0	0	0	903	0	1961	1961	4	0	7943	0	1	64	0	0
610	0	0	0	2153	0	0	0	0	0	904	0	2000	2000	9	0	11050	0	3	253	0	0
611	0	0	0	1032	0	0	0	0	0	605	0	1978	1978	6	1	10395	0	2	0	0	0
612	0	0	0	1872	0	0	0	0	0	990	0	2001	2001	8	0	11885	0	2	160	0	0
613	0	0	0	1120	1	0	0	0	0	206	0	2007	2007	5	0	8402	0	0	0	1	0
614	0	0	0	630	0	0	0	0	0	150	0	1972	1972	4	0	1491	0	0	96	1	1
615	0	0	0	1054	0	0	0	0	0	763	0	1963	1963	6	0	8800	0	2	120	0	1
616	0	0	0	1509	0	0	0	0	0	457	0	2003	2002	6	0	7861	0	2	100	0	0
617	0	0	0	832	0	0	0	0	0	0	0	1954	1954	6	0	7227	0	2	0	0	0
618	0	0	1	1828	0	0	0	0	0	48	0	2007	2007	9	0	11694	0	3	0	0	0
619	0	0	0	2262	0	0	0	0	0	871	0	2003	2003	8	0	12244	0	3	168	0	0
620	0	0	0	864	0	0	0	0	0	41	0	1950	1914	3	0	8248	0	0	0	1	0
621	0	0	0	2614	0	0	0	0	0	956	0	1997	1974	6	1	10800	0	2	38	0	0
622	0	0	0	980	0	0	0	0	0	560	0	1977	1977	5	0	7064	0	2	192	0	0
623	0	0	0	1512	0	1	0	0	0	420	0	2000	2000	6	0	2117	0	2	0	0	0
624	0	0	0	1790	0	0	0	0	0	247	0	1972	1972	6	1	10400	0	2	148	0	0
625	0	0	0	1116	0	0	0	0	0	0	0	1962	1962	6	0	10000	0	2	0	0	0
626	0	0	0	1422	0	0	0	0	0	0	0	1978	1960	5	0	12342	0	1	0	0	0
627	0	0	0	1520	0	0	0	0	0	674	0	1972	1955	6	0	9600	0	1	0	0	0
628	0	0	0	2080	0	0	0	0	0	650	0	1969	1969	5	0	11606	0	2	335	0	0
629	0	0	0	1350	0	0	0	0	0	624	0	1964	1964	6	0	9020	0	2	176	0	0
630	0	0	0	1750	0	0	0	0	0	0	0	1991	1880	5	0	9000	0	1	0	0	0
631	0	0	1	1554	0	0	0	0	0	24	0	2006	2006	8	0	4590	1	2	156	0	0
632	0	0	0	1411	0	0	0	0	0	822	0	1977	1977	7	1	11900	0	2	192	0	0
633	0	0	0	1056	0	0	0	0	0	480	0	2005	1954	5	0	9250	0	1	390	0	0
634	0	0	0	1056	0	0	0	0	0	1056	0	1980	1980	6	0	6979	0	2	264	0	1
635	0	0	0	3395	0	0	0	0	0	256	0	1995	1914	6	0	10896	0	0	0	1	0
636	0	0	0	800	0	0	0	0	0	0	0	1950	1936	2	0	6120	0	0	0	1	0
637	0	0	0	1387	0	0	0	0	0	0	0	1954	1954	5	0	6000	0	1	0	0	0
638	0	0	0	796	0	0	0	0	0	0	0	1950	1910	5	0	8777	0	0	328	1	0
639	0	0	0	1567	0	0	0	0	0	1154	0	2006	2006	8	0	3982	0	3	312	0	0
640	0	0	1	1518	0	0	0	0	0	1218	0	2004	2003	8	0	12677	0	2	185	0	0
641	0	0	0	1929	0	1	0	0	0	738	0	2001	2001	7	0	7050	0	2	0	0	0
642	0	0	0	2704	0	0	0	0	0	1410	0	1995	1972	8	0	13860	0	2	269	0	0
643	0	0	0	1620	0	0	0	0	0	493	0	1969	1969	5	1	10793	0	2	208	0	0
644	0	0	0	1766	0	1	0	0	0	1121	0	2009	2009	9	0	9187	0	3	195	0	0
645	0	0	0	981	0	0	0	0	0	282	0	1971	1971	6	0	10530	0	2	0	0	0
646	0	0	0	1048	0	0	0	0	0	0	0	1950	1950	5	0	7200	0	2	0	0	0
647	0	0	0	1094	0	0	0	0	0	500	0	1953	1953	6	0	10452	0	2	0	0	0
648	0	0	0	1839	0	0	0	0	0	0	0	1966	1966	6	0	7700	0	2	0	0	0
649	0	0	0	630	0	0	0	0	0	131	0	1970	1970	4	0	1936	1	0	0	1	1
650	0	0	0	1665	0	1	0	0	0	0	0	2007	2007	7	0	8125	0	2	0	0	0
651	0	0	0	1510	0	0	0	0	0	0	0	1950	1940	4	0	9084	0	1	120	0	0
652	0	0	0	1716	0	0	0	0	0	0	0	1996	1996	7	0	8750	0	2	0	0	0
653	0	0	0	1469	0	0	0	0	0	0	0	1995	1906	6	0	10320	0	1	57	0	0
654	0	1	0	2113	0	0	0	0	0	1696	0	1995	1995	8	0	10437	0	3	236	0	0
655	0	0	0	1092	0	0	0	0	0	0	1	1971	1971	6	0	1680	1	1	0	0	0
656	0	0	0	1053	0	0	0	0	0	806	0	2006	1959	5	0	10007	0	1	0	0	0
657	0	0	0	1502	0	0	0	1	0	0	0	2000	1931	7	0	7200	0	1	0	0	0
658	0	0	0	1458	0	0	0	0	0	0	0	1950	1948	6	0	17503	0	1	192	0	0
659	0	0	0	1486	0	0	0	0	0	637	0	1999	1964	5	0	9937	0	2	0	0	0
660	0	0	0	1935	0	0	0	0	0	0	0	1976	1976	7	1	12384	0	2	0	0	0
661	0	1	0	2448	0	0	0	0	0	1361	0	2005	1994	8	0	46589	0	3	517	0	0
662	0	0	0	1392	0	0	0	0	0	0	0	1968	1968	6	0	13560	0	2	0	0	0
663	0	0	0	1181	0	0	0	0	0	920	0	1972	1972	4	0	10012	0	2	0	0	1
664	0	0	0	2097	0	1	0	0	0	1721	0	2006	2005	8	0	20896	0	3	192	0	0
665	0	0	0	1936	0	0	0	0	0	0	0	2000	2000	8	0	11194	0	2	188	0	0
666	0	0	0	2380	0	0	0	0	0	187	0	1979	1965	6	0	18450	0	2	0	0	0
667	0	0	0	1679	0	0	0	0	0	1138	0	1998	1994	6	0	8125	0	2	224	0	0
668	0	0	0	1437	0	0	0	0	0	988	0	1987	1956	5	0	14175	0	2	304	0	0
669	0	0	0	1180	0	0	0	1	0	0	0	1950	1922	4	0	11600	0	1	0	0	0
670	0	0	0	1476	0	0	0	0	0	193	0	2005	2005	6	0	8633	0	2	100	0	0
671	0	0	0	1369	0	0	0	0	0	551	0	1950	1925	6	0	6629	0	1	147	0	0
672	0	0	0	1208	0	0	1	0	0	767	0	1977	1977	6	0	11250	0	2	198	0	0
673	0	0	0	1839	0	0	0	1	0	1186	0	2004	1957	6	0	14442	0	2	0	0	0
674	0	0	0	1136	0	0	0	0	0	892	0	1965	1965	6	0	9200	0	1	426	0	0
675	0	0	0	1441	0	0	0	0	0	311	0	1978	1978	6	0	2289	1	2	28	0	0
676	0	0	0	1774	0	0	0	0	0	0	0	1950	1900	4	0	9600	0	3	0	0	0
677	0	0	0	792	0	0	0	0	0	0	0	2006	1924	5	0	9022	0	1	316	0	0
678	1	0	0	2046	0	0	0	0	0	0	0	2008	2008	8	0	11844	0	3	322	0	0
679	0	0	0	988	0	0	0	0	0	827	0	1961	1961	5	0	9945	0	2	0	0	0
680	0	0	0	923	0	0	0	0	0	543	0	1980	1980	6	0	8012	0	1	80	0	0
681	0	0	0	1520	0	0	0	0	0	182	0	2000	1932	5	0	4500	0	1	0	0	0
682	0	0	0	1291	0	0	0	0	0	1003	0	1997	1996	6	0	2887	0	2	307	0	0
683	0	0	0	1668	0	0	0	0	0	1059	0	2002	2002	9	0	11248	0	3	257	0	0
684	0	1	0	1839	0	0	0	0	0	0	0	1998	1998	7	0	16770	0	2	0	0	0
685	1	0	0	2090	0	0	0	0	0	828	0	1984	1984	7	0	5062	0	2	219	0	0
686	0	0	0	1761	0	1	0	0	0	0	0	2007	2007	7	0	10207	0	2	144	0	0
687	0	0	0	1102	0	1	0	0	0	239	0	2004	2004	7	0	5105	0	2	0	0	0
688	1	0	0	1419	0	0	0	0	0	945	0	2007	2007	8	0	8089	0	2	140	0	0
689	0	0	1	1362	0	0	0	0	0	20	0	2006	2005	6	0	7577	0	2	192	0	0
690	0	0	0	848	0	0	0	0	0	697	0	2004	2004	6	0	4426	0	2	149	0	0
691	0	1	0	4316	0	0	0	0	0	1455	0	1995	1994	10	0	21535	0	3	382	0	0
692	0	0	0	2519	0	0	0	0	0	965	0	1990	1989	7	0	26178	0	2	320	0	0
693	0	0	0	1073	0	0	0	0	0	0	0	1968	1921	5	0	5400	0	1	0	0	0
694	0	0	0	1539	0	0	0	0	0	0	0	1950	1936	5	0	6120	0	2	112	0	0
695	0	0	0	1137	0	0	0	0	0	980	0	1987	1987	6	0	13811	0	2	125	0	0
696	0	0	0	616	0	0	0	0	0	616	0	1950	1921	5	0	6000	0	1	0	0	0
697	0	0	0	1148	0	0	0	0	0	210	0	1952	1952	5	0	6420	0	1	0	0	0
698	0	0	0	894	0	0	0	0	1	553	0	2009	1965	5	0	8450	0	1	416	0	0
699	0	0	0	1391	0	1	0	0	0	16	0	2004	2004	7	0	4282	0	2	156	0	0
700	0	0	0	1800	0	0	0	0	0	1274	0	2002	2002	8	0	14331	0	3	270	0	0
701	0	0	0	1164	0	0	0	0	0	0	0	1969	1969	7	1	9600	0	2	0	0	0
702	1	0	0	2576	0	0	0	0	0	0	0	2006	2006	8	0	12438	0	3	324	0	0
703	0	0	0	1812	0	0	0	0	0	0	0	1996	1900	5	0	7630	0	2	344	0	0
704	0	0	0	1484	0	0	0	0	0	712	0	2005	2004	7	0	8400	0	2	0	0	0
705	0	0	0	1092	0	0	0	0	0	0	0	1950	1930	4	0	5600	0	0	0	1	0
706	0	0	0	1824	0	0	0	0	0	1219	0	2002	1971	7	0	115149	0	2	380	0	0
707	0	0	1	1324	0	0	0	0	0	863	0	2006	2006	8	0	6240	0	2	192	0	0
708	0	0	0	1456	0	0	0	0	0	0	0	2007	2007	7	0	9018	0	2	100	0	0
709	0	0	0	904	0	0	0	0	0	0	0	1966	1966	5	0	7162	0	1	0	0	0
710	0	0	0	729	0	0	0	0	0	0	0	2003	1935	3	0	4130	0	0	0	1	0
712	1	0	0	1228	0	0	0	0	0	767	0	1989	1988	8	0	4671	0	2	168	0	0
713	0	0	0	960	0	0	0	0	0	789	0	1970	1970	4	0	9873	0	2	0	0	0
714	0	0	0	1479	0	0	0	0	1	533	0	2005	1976	6	0	13517	0	2	0	0	0
715	0	0	0	1350	0	0	0	0	0	0	0	1974	1974	6	1	10140	0	2	0	0	0
716	0	0	0	2554	0	0	0	0	0	0	0	1998	1890	7	0	10800	0	2	0	0	0
717	0	0	0	1178	0	0	0	0	0	1084	0	2000	1973	5	1	10000	0	2	224	0	0
718	0	1	0	2418	0	0	0	0	0	1173	0	1994	1993	7	0	10542	0	3	250	0	0
719	0	0	0	971	0	0	0	0	0	523	0	1969	1969	5	0	9920	0	1	0	0	0
720	1	0	0	1742	0	0	0	0	0	1148	0	1985	1985	8	0	6563	0	2	114	0	0
721	0	0	0	848	0	0	0	0	0	662	0	2004	2004	6	0	4426	0	2	160	0	0
722	0	0	0	864	0	0	0	0	0	191	0	1970	1970	4	0	8120	0	2	0	0	0
723	0	0	0	1470	0	0	0	0	0	0	0	1972	1954	4	0	8172	0	1	0	0	0
724	0	0	0	1698	0	0	0	0	0	1234	0	2008	2007	9	0	13286	0	3	327	0	0
725	0	0	0	864	0	0	0	0	0	375	0	1970	1970	4	0	6960	0	2	96	0	0
726	0	0	0	1680	0	0	0	1	0	808	0	2007	1988	6	0	21695	0	2	292	0	0
727	0	0	0	1232	0	0	0	0	0	724	0	2007	2007	7	0	7314	0	2	132	0	0
728	0	0	0	1776	0	0	0	0	0	0	0	1958	1958	5	0	11475	0	3	0	0	0
729	0	0	0	1208	0	0	0	0	0	152	0	1950	1925	4	0	6240	0	2	0	0	0
730	1	0	0	1616	0	0	0	0	0	1180	0	1996	1995	8	0	5389	0	2	237	0	0
731	0	0	0	1146	0	0	0	0	0	786	0	2003	2003	7	0	9590	0	2	160	0	0
732	0	0	0	2031	0	0	0	0	0	252	0	1999	1998	7	0	11404	0	2	192	0	0
733	0	0	0	1144	0	0	0	0	0	594	0	1983	1961	5	0	10000	0	1	165	0	0
734	0	0	0	948	0	0	0	0	0	0	0	1968	1968	5	0	8978	0	1	147	0	0
735	0	0	0	1768	0	0	0	0	0	390	0	1970	1914	7	0	10800	0	2	0	0	0
736	0	0	0	1040	0	0	0	0	0	0	0	1950	1950	3	0	8544	0	2	0	0	0
737	0	0	0	1801	0	0	0	0	0	0	0	2005	2005	8	0	10463	0	3	0	0	0
738	0	0	0	1200	0	0	0	0	0	1200	0	1988	1987	5	0	10800	0	0	120	1	0
739	0	0	0	1728	0	0	0	0	0	0	0	2004	2004	7	0	9313	0	2	187	0	0
740	0	0	0	1432	0	0	0	0	0	0	0	2002	1910	5	0	9600	0	2	270	0	0
741	0	0	0	912	0	0	0	0	0	832	0	1996	1961	6	0	6768	0	1	168	0	0
742	0	0	0	1349	0	0	0	0	0	0	0	2001	2000	7	0	8450	0	2	120	0	0
743	0	0	0	1464	0	0	0	0	0	444	0	1999	1963	5	0	12886	0	2	302	0	0
744	1	0	0	1337	0	0	0	0	0	733	0	1993	1993	8	0	5395	0	2	96	0	0
745	0	0	0	2715	0	0	0	0	0	575	0	1996	1976	8	1	8963	0	2	0	0	0
746	0	0	0	2256	0	0	0	0	0	300	0	2000	2000	7	0	8795	0	2	224	0	0
747	0	0	0	2640	0	0	0	0	0	0	0	2003	1880	7	0	11700	0	4	181	0	0
748	0	1	0	1720	0	0	0	0	0	919	0	1996	1996	7	0	10593	0	2	240	0	0
749	0	0	0	1529	0	0	0	0	0	0	0	1950	1945	4	0	8405	0	1	92	0	0
750	0	0	0	1140	0	0	0	0	0	0	0	2004	1910	4	0	8800	0	0	0	1	0
751	0	0	0	1320	0	0	0	0	0	0	0	2003	2003	7	0	7750	0	2	0	0	0
752	0	0	0	1494	0	0	0	0	0	1200	0	1997	1997	6	0	9236	0	2	168	0	0
753	0	0	1	2098	0	0	0	0	0	0	0	2005	2005	8	0	10240	0	3	192	0	0
754	0	0	0	1026	0	0	0	0	0	439	0	2005	1969	6	0	7930	0	2	171	0	0
755	0	0	0	1471	0	1	0	0	0	381	0	1999	1999	6	0	3230	0	2	0	0	0
756	0	0	0	1768	0	0	0	0	0	20	0	2007	2007	8	0	10769	0	2	144	0	0
757	0	0	0	1386	0	0	0	0	0	438	0	1978	1978	6	0	11616	0	2	335	0	0
758	0	0	0	1501	0	1	0	0	0	549	0	1999	1999	7	0	2280	1	2	0	0	0
759	0	1	0	2531	0	0	0	0	0	56	0	1995	1995	8	0	12257	0	3	222	0	0
760	0	0	0	864	0	0	0	0	0	612	0	1959	1959	6	0	9100	0	1	0	0	0
761	0	0	0	1301	0	0	0	0	0	405	0	1950	1924	5	0	6911	0	2	0	0	0
762	0	0	0	1547	0	1	0	0	0	24	0	2009	2009	7	0	8640	0	2	169	0	0
763	0	1	0	2365	0	0	0	0	0	1163	0	1999	1999	8	0	9430	0	3	0	0	0
764	0	0	0	1494	0	0	1	0	0	437	0	1996	1995	8	0	9549	0	2	0	0	0
765	0	0	0	1506	0	1	0	0	0	0	0	2008	2008	9	0	14587	0	2	0	0	0
766	0	0	0	1714	0	0	0	0	0	394	0	1988	1988	7	1	10421	0	2	228	0	0
767	0	0	0	1750	1	0	0	0	0	660	0	1985	1940	6	0	12508	0	1	245	0	0
768	0	0	0	1836	0	0	0	0	0	24	0	2005	2004	7	0	9100	0	2	120	0	0
769	1	0	0	3279	0	0	0	0	0	1416	0	2003	2003	8	0	53504	0	3	503	0	0
770	0	0	0	858	0	0	0	0	0	685	0	1982	1982	5	0	7252	0	2	120	0	1
771	0	0	0	1220	0	0	0	0	0	836	0	1951	1951	4	0	8877	0	2	0	0	0
772	0	0	0	1117	0	0	0	0	0	422	0	1976	1976	6	0	7819	0	2	144	0	0
773	0	0	0	912	0	0	0	0	0	456	0	1958	1958	5	0	10150	0	1	0	0	0
774	0	0	1	1973	0	0	0	0	0	0	0	2006	2006	8	0	14226	0	3	315	0	0
775	0	0	0	1204	1	0	0	0	0	866	0	1998	1998	6	0	4500	0	2	0	0	0
776	0	0	0	1614	0	0	0	0	0	20	0	2006	2005	7	0	11210	0	3	144	0	0
777	0	0	0	894	0	0	0	0	0	762	0	1974	1974	5	0	13350	0	2	241	0	0
778	0	0	0	2020	0	0	0	0	0	0	0	1977	1977	5	0	8400	0	2	0	0	0
779	0	0	0	1004	1	0	0	0	0	975	0	1977	1977	6	0	10530	0	2	0	0	1
780	0	0	0	1253	0	0	0	0	0	0	0	1996	1995	7	0	7875	0	2	220	0	0
781	0	0	0	1603	0	0	0	0	0	387	0	1992	1992	6	0	7153	0	2	0	0	0
782	0	0	0	1430	0	0	0	0	0	0	0	2002	2001	7	0	16285	0	2	0	0	0
783	0	0	0	1110	1	0	0	0	0	1097	0	1978	1978	5	0	9101	0	2	303	0	1
784	0	0	0	1484	0	0	0	0	0	0	0	2001	1914	6	0	6300	0	0	0	1	0
785	0	0	0	1342	0	0	0	0	0	251	0	1967	1967	6	1	9790	0	2	0	0	0
786	0	0	0	1652	0	0	0	0	0	686	0	1950	1915	5	0	10800	0	1	0	0	0
787	0	0	0	2084	0	0	0	0	0	656	0	2004	2004	7	0	10142	0	2	0	0	0
788	0	0	0	901	0	0	0	0	0	0	0	2000	1954	4	0	6000	0	1	0	0	0
789	0	0	0	2087	0	0	0	0	0	568	0	2007	1966	6	0	12205	0	2	133	0	0
790	0	0	0	1145	0	0	0	0	0	16	0	2006	2005	7	0	3182	0	2	100	0	0
791	0	0	0	1062	1	0	0	0	0	539	0	1976	1976	6	0	11333	0	2	120	0	0
792	0	1	0	2013	0	0	0	0	0	862	0	1997	1996	7	0	9920	0	2	180	0	0
793	0	0	0	1496	0	1	0	0	0	0	0	2007	2007	8	0	9158	0	2	168	0	0
794	0	0	0	1895	0	0	0	0	0	0	0	1996	1994	7	0	10832	0	2	143	0	0
795	0	0	0	1564	0	0	0	0	0	0	0	1981	1980	6	0	8400	0	2	0	0	0
796	0	0	0	1285	0	0	0	0	0	0	0	1977	1977	6	0	8197	0	2	138	0	0
797	0	0	0	773	0	0	0	0	0	570	0	1953	1953	5	0	7677	0	1	0	0	0
798	0	0	1	3140	0	0	0	0	0	0	0	2009	2008	9	0	13518	0	3	144	0	0
799	0	0	0	1768	0	0	0	0	0	569	0	1950	1937	5	0	7200	0	1	0	0	0
800	0	0	0	1688	0	0	0	0	0	462	0	1997	1997	6	0	12798	0	2	403	0	0
801	0	0	0	1196	0	0	0	0	0	197	0	1990	1916	4	0	4800	0	2	0	0	0
802	0	0	0	1456	0	0	0	0	0	648	0	2005	2005	7	0	8199	0	2	36	0	0
803	0	0	1	2822	0	0	0	0	0	0	0	2009	2008	9	0	13891	0	3	52	0	0
804	0	0	0	1128	0	0	0	0	0	812	0	1954	1954	5	0	9000	0	1	0	0	0
805	0	0	0	1428	0	1	0	0	0	0	0	2008	2008	7	0	12274	0	2	0	0	0
806	0	0	0	980	0	0	0	0	0	400	0	1967	1967	5	0	9750	0	1	68	0	0
807	0	0	0	1576	0	0	0	0	0	1309	0	2004	1923	5	0	21384	0	2	0	0	0
808	0	0	0	1086	0	0	0	0	0	516	0	1966	1966	5	0	13400	0	2	0	0	0
809	0	0	0	2138	0	0	0	0	0	0	0	1965	1898	5	0	8100	0	2	40	0	0
810	0	0	0	1309	0	0	0	0	0	663	0	1999	1974	6	1	10140	0	2	265	0	0
811	0	0	0	848	0	0	0	0	0	662	0	2004	2004	6	0	4438	0	2	140	0	0
813	0	0	0	1442	0	0	0	0	0	608	0	1958	1958	6	0	9750	0	1	0	0	0
814	0	0	0	1250	0	0	0	0	0	0	0	1950	1918	5	0	8248	0	1	207	0	0
815	0	0	0	1661	0	0	0	0	0	0	0	1998	1998	7	0	12137	0	2	0	0	0
816	0	0	0	1008	0	0	0	0	0	486	0	1954	1954	5	0	11425	0	1	0	0	0
817	0	0	0	1689	1	0	0	0	0	1218	0	2002	2002	8	0	13265	0	3	150	0	0
818	0	0	0	1052	0	0	0	0	0	504	0	1971	1971	6	0	8816	0	2	0	0	0
819	0	0	1	1358	0	0	0	0	0	733	0	2010	2009	7	0	6371	0	2	192	0	0
820	0	0	0	1640	0	0	0	0	0	0	0	2003	2003	7	0	7226	0	2	0	0	0
821	0	0	0	936	0	0	0	0	0	0	0	1953	1953	4	0	6000	0	2	0	0	0
822	0	0	0	1733	0	0	0	0	0	0	0	2003	2003	7	0	12394	0	2	100	0	0
823	0	0	0	1489	0	0	0	0	0	0	0	1950	1940	6	0	9900	0	1	335	0	0
824	0	0	0	1489	0	1	0	0	0	0	0	2006	2006	8	0	11216	0	2	0	0	0
825	0	0	1	2084	0	0	0	0	0	1636	0	2008	2007	10	0	14803	0	3	188	0	0
826	0	0	0	784	0	0	0	0	0	784	0	1950	1924	5	0	6130	0	0	0	1	0
827	0	0	0	1434	0	0	0	0	0	20	0	2001	2001	7	0	8529	0	2	290	0	0
828	0	0	0	2126	0	0	0	0	0	249	0	1967	1967	5	0	28698	0	2	486	0	0
829	0	0	0	1223	0	1	0	0	0	0	0	2005	2005	7	0	2544	1	2	0	0	0
830	0	0	0	1392	0	0	0	0	0	1040	0	1957	1957	6	0	11900	0	2	0	0	0
831	0	0	0	1200	0	1	0	0	0	0	0	2005	2005	7	0	3180	0	2	0	0	0
832	0	0	0	1829	0	0	0	0	0	483	0	2003	2003	7	0	9548	0	2	192	0	0
833	0	0	0	1516	0	0	0	0	0	196	0	1964	1964	6	0	10004	0	2	0	0	0
834	0	0	0	1144	0	0	0	0	0	572	0	1961	1961	5	0	7875	0	2	0	0	0
835	0	0	0	1067	0	0	0	0	0	442	0	1995	1950	4	0	9600	0	2	290	0	0
836	0	0	0	1559	0	0	0	0	0	338	0	1973	1948	5	0	8100	0	2	0	0	0
837	0	0	0	987	0	0	0	0	0	330	1	1973	1973	6	0	1680	1	1	0	0	0
838	0	0	0	1099	0	0	0	0	0	0	0	2006	1995	5	0	9525	0	1	278	0	0
839	0	0	0	1200	0	0	0	0	0	352	0	1995	1946	5	0	11767	0	1	0	0	0
840	0	0	0	1482	0	0	0	0	0	156	0	1950	1925	6	0	12155	0	1	0	0	0
841	0	0	0	1539	0	0	0	0	0	0	0	2002	1904	5	0	10440	0	2	70	0	0
842	0	0	0	1165	0	0	0	0	0	312	0	1966	1966	6	0	9020	0	2	0	0	0
843	0	0	0	1800	0	0	0	0	0	0	0	1961	1961	5	0	8000	0	0	0	1	0
844	0	0	0	1416	0	0	0	0	0	0	0	1950	1915	5	0	12665	0	3	418	0	0
845	0	0	0	1701	0	0	0	0	1	1390	0	1981	1975	5	0	16647	0	2	0	0	1
846	0	0	0	1775	0	0	0	0	0	513	0	1993	1993	7	0	9317	0	2	234	0	0
847	0	0	0	864	0	0	0	0	0	460	0	1972	1972	5	0	15523	0	1	0	0	0
848	0	0	0	2358	0	0	0	0	0	0	0	1997	1908	6	0	45600	0	2	486	0	0
849	0	0	0	1855	0	0	1	0	0	0	0	1994	1976	6	0	9600	0	2	113	0	0
850	0	0	0	848	0	0	0	0	0	659	0	2003	2003	6	0	4435	0	2	140	0	0
851	0	0	0	1456	0	0	0	0	0	0	0	2003	2003	8	0	3196	0	2	143	0	0
852	0	0	0	1646	0	0	0	1	0	364	0	1950	1941	7	0	7128	0	1	0	0	0
853	0	0	0	1445	0	0	0	0	0	564	0	1964	1964	6	0	12095	0	2	180	0	0
854	0	0	0	1779	0	0	0	0	0	306	0	1974	1955	5	0	17920	0	2	0	0	0
855	0	0	0	1040	0	0	0	0	0	659	0	2010	1962	5	0	6897	0	1	0	0	0
856	0	0	0	1026	0	0	0	0	0	505	0	1978	1978	6	0	10970	0	2	0	0	0
857	0	0	0	1481	0	0	0	0	0	0	0	1995	1994	6	0	8125	0	2	0	0	0
858	0	0	0	1370	0	0	0	0	0	0	0	1976	1976	7	1	10400	0	2	0	0	0
859	0	0	0	2654	0	0	0	0	0	619	0	1984	1968	6	1	11029	0	2	0	0	0
860	0	0	0	1426	0	0	0	1	0	0	0	1998	1918	7	0	7642	0	1	0	0	0
861	0	0	0	1039	0	0	0	0	0	841	0	1965	1965	5	0	11625	0	2	0	0	0
862	0	0	0	1097	0	0	0	0	0	338	0	1985	1984	6	0	9672	0	2	0	0	0
863	0	0	0	1148	0	0	0	0	0	1148	0	1959	1959	5	0	7931	0	1	0	0	0
864	0	0	0	1372	0	1	0	0	0	0	0	2008	2007	7	0	8640	0	2	0	0	0
865	0	0	0	1002	0	0	0	0	0	828	0	1970	1970	5	0	8750	0	2	0	0	0
866	0	0	0	1646	0	0	0	0	0	0	0	2007	2006	8	0	10656	0	3	192	0	0
867	0	0	0	1120	0	0	0	0	0	932	0	1961	1961	4	0	6970	0	2	168	0	0
868	0	0	0	2320	0	0	0	0	0	0	0	1950	1948	5	0	14762	0	2	120	0	0
869	0	0	0	1949	0	0	0	0	0	750	0	1994	1993	7	0	9938	0	2	156	0	0
870	0	0	0	894	0	0	0	0	0	0	0	1962	1962	5	0	6600	0	1	0	0	0
871	0	0	0	1682	0	0	0	0	0	505	0	1998	1998	6	0	8750	0	2	0	0	0
872	0	0	0	910	0	0	0	0	0	0	0	1996	1953	5	0	8892	0	2	196	0	0
873	0	0	0	1268	0	0	0	0	0	375	0	1950	1949	5	0	12144	0	1	0	0	0
874	0	0	0	1131	0	0	0	0	0	0	0	1950	1941	5	0	5720	0	1	26	0	0
875	0	0	0	2610	0	1	0	0	0	64	0	2007	2007	8	0	9000	0	2	208	0	0
876	0	0	0	1040	1	0	0	0	0	633	0	1963	1963	4	0	25286	0	2	0	0	0
877	0	0	1	2224	0	0	0	0	0	1170	0	2005	2004	9	0	8834	0	3	184	0	0
878	0	0	0	1155	0	0	0	0	0	899	0	1995	1961	5	0	11782	0	2	192	0	1
879	0	0	0	864	0	0	0	0	0	646	0	2005	1978	5	0	7000	0	1	0	0	0
880	0	0	0	1090	0	0	0	0	0	980	0	2006	2005	5	0	7024	0	2	0	0	0
881	0	0	0	1717	0	0	0	0	0	902	0	1991	1990	7	0	13758	0	2	168	0	0
882	0	0	0	1593	0	0	0	0	0	0	0	1993	1992	6	0	9636	0	2	342	0	0
883	0	0	0	2230	0	0	0	0	0	0	0	1950	1912	4	0	6204	0	1	0	0	0
884	0	0	0	892	0	0	0	0	0	432	0	1967	1967	5	0	7150	0	1	0	0	0
885	0	0	0	1709	0	1	0	0	0	1238	0	2000	1999	9	0	5119	0	2	97	0	0
886	0	0	0	1712	0	0	0	0	0	528	0	2005	1959	5	0	8393	0	2	272	0	0
887	0	0	0	1393	0	0	0	0	0	0	0	1955	1955	5	0	16466	0	1	121	0	0
888	0	0	0	2217	0	0	0	0	0	351	0	1970	1970	8	0	15865	0	2	81	0	0
889	0	0	0	1505	0	0	0	0	0	1024	0	1953	1953	6	0	12160	0	2	0	0	0
890	0	0	0	924	0	0	0	0	0	0	0	2006	1949	5	0	8064	0	2	0	0	0
891	0	0	0	1683	0	0	0	0	0	226	0	1978	1978	6	0	11184	0	2	243	0	0
892	0	0	0	1068	0	0	0	0	0	663	0	2003	1963	6	0	8414	0	1	192	0	0
893	0	0	0	1383	0	0	0	0	0	1064	0	1954	1954	5	0	13284	0	1	511	0	0
894	0	0	0	1535	0	0	0	0	0	0	0	1979	1979	5	0	7018	0	2	0	0	0
895	0	0	0	1796	0	0	0	0	0	400	0	1963	1963	6	0	7056	0	2	0	0	0
896	0	0	0	951	0	0	0	0	0	285	0	1950	1936	4	0	8765	0	1	0	0	0
897	0	0	0	2240	0	0	0	0	0	0	0	1979	1979	5	0	7018	0	2	154	0	0
898	0	0	1	2364	0	0	0	0	0	2188	0	2010	2009	9	0	12919	0	3	0	0	0
899	0	0	0	1236	0	0	0	0	0	465	0	1994	1961	5	0	6993	0	1	0	0	0
900	0	0	0	858	0	0	0	0	0	322	0	1971	1971	4	0	7340	0	1	0	0	0
901	0	0	0	1306	0	0	0	0	0	860	0	2000	1957	5	0	8712	0	1	0	0	0
902	0	0	0	1509	0	0	0	0	0	0	0	2003	2003	7	0	7875	0	2	0	0	0
903	0	0	0	1670	0	0	0	0	0	0	0	2006	2006	7	0	14859	0	3	144	0	0
904	0	0	0	902	0	0	0	0	0	599	0	1967	1967	5	0	6173	0	1	0	0	0
905	0	0	0	1063	0	0	0	0	0	354	0	1954	1954	5	0	9920	0	1	0	0	0
906	0	0	0	1636	0	1	0	0	0	63	0	2006	2006	8	0	13501	0	3	0	0	0
907	0	0	0	2057	0	0	0	1	0	223	0	1987	1936	7	0	11500	0	1	0	0	0
908	0	0	0	902	1	0	0	0	0	301	0	1983	1983	5	0	8885	0	2	164	0	0
909	0	0	0	1484	0	0	0	0	0	0	0	2005	2005	6	0	12589	0	2	36	0	0
910	0	0	0	2274	0	0	0	0	0	443	0	1960	1960	5	0	11600	0	2	0	0	0
911	0	0	0	1268	0	0	0	0	0	196	0	1989	1977	5	0	9286	0	1	173	0	0
912	0	0	0	1015	0	0	0	0	0	489	0	1950	1925	5	0	6120	0	1	0	0	0
913	0	0	0	2002	0	0	0	1	0	284	0	1950	1949	5	0	6270	0	3	0	0	0
914	0	0	0	1224	0	1	0	0	0	294	0	2009	2009	6	0	3000	0	2	0	0	0
915	0	0	0	1092	0	0	0	0	0	0	0	1970	1970	4	0	2001	1	1	0	0	0
917	0	0	0	1229	0	0	0	0	0	1059	0	1956	1956	4	0	17140	0	1	0	0	0
918	0	0	0	2127	0	0	0	0	0	48	0	1991	1991	7	0	13125	0	3	72	0	0
919	0	0	0	1414	0	0	0	0	0	528	0	2002	1958	6	0	11029	0	2	0	0	0
920	0	0	0	1721	0	0	0	0	0	814	0	1994	1994	6	0	8462	0	2	300	0	0
921	0	0	0	2200	0	0	0	0	0	1084	0	2003	1900	5	0	8777	0	0	0	1	0
922	0	0	0	1316	0	0	0	0	0	28	0	2006	2005	6	0	10237	0	2	100	0	0
923	0	0	0	1617	0	0	0	0	0	165	0	1994	1993	6	0	8012	0	2	0	0	0
924	0	0	0	1686	0	0	0	0	0	625	0	1980	1980	6	1	10240	0	2	384	0	0
925	0	0	0	1126	0	0	0	0	0	767	0	1977	1977	5	1	15611	0	2	180	0	0
926	0	0	1	2374	0	0	0	0	0	0	0	2004	2003	8	0	11999	0	3	104	0	0
927	0	0	0	1978	0	0	0	0	0	552	0	1968	1968	7	1	9900	0	2	0	0	0
928	0	0	0	1788	0	0	0	0	0	0	0	2001	2001	8	0	11838	0	2	202	0	0
929	0	0	0	2236	0	0	0	0	0	0	0	1997	1997	7	0	13006	0	2	0	0	0
930	0	0	0	1466	0	0	0	0	0	16	0	2007	2007	8	0	8925	0	3	100	0	0
931	0	0	0	925	0	0	0	0	0	338	0	1965	1965	5	0	9100	0	1	0	0	0
932	0	0	0	1905	0	1	0	0	0	0	0	2006	2006	9	0	11670	0	3	0	0	0
933	0	0	0	1500	0	0	0	0	0	20	0	2004	2004	7	0	8487	0	2	192	0	0
934	0	0	0	2069	0	0	0	0	0	425	0	2007	1960	7	0	27650	0	2	0	0	0
935	0	0	0	747	0	0	0	0	0	0	0	1953	1926	4	0	5825	0	2	0	0	0
936	0	0	0	1200	0	0	0	0	0	833	0	2003	2003	7	0	10083	0	2	0	0	0
937	0	0	0	1971	0	1	0	0	0	341	0	2005	2005	7	0	9675	0	2	0	0	0
938	0	0	0	1962	0	0	0	0	0	464	0	2006	2006	7	0	8760	0	3	0	0	0
939	0	0	0	2403	0	0	0	0	0	0	0	1950	1940	7	0	24090	0	1	56	0	0
940	0	0	0	1728	1	0	0	0	0	936	0	1976	1976	6	0	12640	0	2	40	0	0
941	0	0	0	2060	0	0	0	0	0	772	0	1999	1999	7	0	8755	0	2	0	0	0
942	0	0	0	1440	0	0	0	0	0	1440	0	1977	1977	4	0	7711	0	0	321	1	0
943	0	0	0	1632	1	0	0	0	0	0	0	1967	1967	5	0	25000	0	2	0	0	0
944	0	0	0	1344	0	0	0	0	0	111	0	1958	1958	6	0	14375	0	2	0	0	0
945	0	0	0	1869	0	0	0	0	0	1088	0	1996	1890	5	0	8820	0	2	48	0	0
946	0	0	0	1144	0	0	0	0	0	748	0	1959	1959	5	0	8163	0	1	86	0	0
947	0	0	0	1629	0	0	0	0	0	1300	0	2003	2002	8	0	14536	0	3	0	0	0
948	0	0	0	1776	0	0	0	0	0	0	0	2002	2002	7	0	14006	0	2	144	0	0
949	0	0	0	1381	0	0	0	0	0	982	0	2006	1972	6	1	9360	0	2	0	0	0
950	0	0	0	864	0	0	0	0	0	398	0	2002	1950	5	0	7200	0	2	194	0	0
951	0	0	0	965	0	0	0	0	0	641	0	1965	1965	5	0	7800	0	1	421	0	0
952	0	0	0	768	0	0	0	0	0	660	0	2003	1972	5	0	7200	0	1	192	0	1
953	0	0	0	1968	1	0	0	0	0	562	0	1969	1969	5	0	11075	0	2	305	0	0
954	0	0	0	980	0	0	0	0	0	945	0	1975	1975	6	0	9400	0	0	0	1	1
955	0	0	0	1958	0	0	0	1	0	484	0	1950	1946	6	0	7136	0	2	0	0	0
956	0	0	0	1229	0	0	0	0	0	285	0	1980	1980	6	0	1300	0	2	150	0	0
957	0	0	0	1057	0	0	0	0	0	417	0	1962	1962	5	0	7420	0	2	0	0	0
958	0	0	0	1337	0	0	0	0	0	699	0	2003	2003	7	0	8450	0	2	0	0	0
959	0	0	0	1416	0	1	0	0	0	604	0	1999	1999	7	0	2572	1	2	0	0	0
960	0	0	0	858	0	0	0	0	0	696	0	2008	1958	5	0	7207	0	0	117	1	0
961	0	0	0	2872	0	0	0	0	0	896	0	1995	1977	6	1	12227	0	2	550	0	0
962	0	0	0	1548	0	0	0	0	0	556	0	1976	1976	6	0	2308	0	2	48	0	0
963	0	0	0	1800	0	0	0	0	0	0	0	2007	2007	9	0	11923	0	2	288	0	0
964	0	0	0	1894	0	0	0	0	0	624	0	2003	2002	7	0	11316	0	2	0	0	0
965	0	0	0	1484	0	0	0	0	0	0	0	2007	2005	6	0	10237	0	2	0	0	0
966	0	0	0	1308	0	0	0	1	0	428	0	1950	1940	5	0	9600	0	1	0	0	0
967	0	0	0	1098	0	0	0	0	0	902	0	1955	1955	5	0	7390	0	1	0	0	0
968	0	0	0	968	0	0	0	0	0	0	0	1950	1910	3	0	5925	0	0	0	1	0
969	0	0	0	1095	0	0	0	0	0	513	0	1958	1958	6	0	10382	0	1	0	0	0
970	0	0	0	1192	0	0	0	0	0	0	0	1950	1949	4	0	10800	0	0	0	1	0
971	0	0	1	1626	0	0	0	0	0	567	0	2004	2003	7	0	2268	1	2	0	0	0
972	0	0	0	918	0	0	0	0	0	0	0	1979	1979	6	0	7892	0	1	28	0	0
973	0	0	0	1428	0	1	0	0	0	0	0	2008	2007	7	0	11639	0	2	0	0	0
974	0	0	0	2019	0	0	0	0	0	0	0	1993	1910	7	0	11414	0	2	509	0	0
975	0	0	0	1382	0	1	0	0	0	641	0	2000	2000	7	0	2651	1	2	153	0	0
976	0	0	0	869	0	0	0	0	0	0	0	1958	1923	4	0	5900	0	0	0	1	0
977	0	0	0	1241	0	1	0	0	0	1106	0	2007	2006	7	0	4274	0	2	0	0	0
978	0	0	0	894	0	0	0	0	0	552	0	1954	1954	4	0	9450	0	2	0	0	0
979	0	0	0	1121	0	0	0	0	0	651	0	1963	1963	5	0	8816	0	2	0	0	0
980	0	0	0	999	0	0	0	0	0	867	0	2007	1961	7	0	12122	0	2	144	0	1
981	0	1	0	2612	0	0	0	0	0	854	0	1999	1998	8	0	12203	0	3	250	0	0
982	0	0	0	1266	0	0	0	0	0	0	0	2007	2007	7	0	3182	0	2	100	0	0
983	0	0	0	2290	0	0	0	0	0	0	0	2002	2002	8	0	11250	0	2	0	0	0
984	0	0	0	1734	1	0	0	0	0	0	0	1977	1977	5	0	10125	0	2	0	0	0
985	0	0	0	1164	0	0	0	0	0	1040	0	1950	1950	5	0	10880	0	1	0	0	0
986	0	0	0	1635	0	0	0	0	0	0	0	2003	1910	6	0	5310	0	1	394	0	0
987	0	0	1	1940	0	0	0	0	0	1646	0	2010	2009	9	0	10159	0	3	168	0	0
988	0	0	0	2030	0	0	0	0	0	156	0	1976	1976	6	1	12046	0	2	0	0	0
989	0	0	0	1576	0	1	0	0	0	0	0	2006	2006	7	0	8125	0	2	0	0	0
990	0	1	0	2392	0	0	0	0	0	1074	0	1998	1997	8	0	9452	0	3	0	0	0
991	0	0	0	1742	0	0	0	0	0	216	0	1986	1882	8	0	17671	0	2	0	0	0
992	0	0	0	1851	0	0	0	0	0	536	0	1993	1964	6	0	9760	0	2	239	0	0
993	0	0	0	1500	0	0	0	0	0	0	0	2006	2005	6	0	8846	0	2	0	0	0
994	0	0	1	1718	0	0	0	0	0	1172	0	2007	2006	10	0	12456	0	3	216	0	0
995	0	0	0	1230	0	0	0	0	0	384	0	1950	1946	4	0	4712	0	1	0	0	0
996	0	0	0	1050	0	0	0	0	0	915	0	1961	1961	5	0	10659	0	1	0	0	0
997	0	0	0	1442	0	0	0	0	0	0	0	1970	1970	6	1	11717	0	2	371	0	0
998	0	0	0	1077	0	0	0	0	0	0	0	1950	1922	3	0	9786	0	1	0	0	0
999	0	0	0	1208	0	0	0	0	0	686	0	2006	2006	7	0	6762	0	2	105	0	0
1000	0	0	0	944	0	0	0	0	0	0	0	1952	1952	3	0	10206	0	2	0	0	0
1001	0	0	0	691	0	0	0	0	0	0	0	1950	1920	5	0	5400	0	1	0	0	0
1002	0	0	0	1574	0	1	0	0	0	24	0	2006	2006	8	0	11957	0	3	144	0	0
1003	0	0	0	1680	0	0	0	0	0	0	0	1976	1976	5	1	11500	0	2	0	0	0
1004	0	0	0	1504	0	0	0	0	0	16	0	2006	2005	7	0	3182	0	2	156	0	0
1005	0	0	0	985	0	0	0	0	0	595	0	1977	1977	5	0	8385	0	1	210	0	0
1006	0	0	0	1657	0	0	0	0	0	1237	0	1970	1970	6	0	12155	0	2	0	0	0
1007	0	0	0	1092	0	0	0	0	0	273	0	1970	1970	4	0	2217	0	1	238	0	0
1008	0	0	0	1710	1	0	0	0	0	0	0	2005	2004	7	0	12118	0	2	100	0	0
1009	0	0	0	1522	0	0	0	0	0	0	0	1950	1926	5	0	6000	0	0	0	1	0
1010	0	0	0	1271	0	0	0	0	0	0	0	1950	1948	5	0	21286	0	1	0	0	0
1011	0	0	0	1664	0	0	0	0	0	0	0	1965	1965	5	0	9825	0	0	0	1	0
1012	0	0	0	1502	0	0	0	1	0	0	0	1996	1923	6	0	10592	0	1	96	0	0
1013	0	0	0	1022	0	0	0	0	0	247	0	2006	1910	5	0	7200	0	1	0	0	0
1014	0	0	0	1082	0	0	0	0	0	336	0	1950	1948	6	0	11664	0	1	0	0	0
1015	0	0	0	1665	0	0	0	0	0	643	0	2001	2001	8	1	8400	0	2	0	0	0
1016	0	0	0	1504	0	0	0	0	0	690	0	1996	1996	7	0	11883	0	2	115	0	0
1017	1	0	0	1360	0	0	0	0	0	1036	0	1984	1984	8	0	5814	0	2	63	0	0
1018	0	0	0	1472	0	0	0	0	0	0	0	1992	1991	7	0	10784	0	2	164	0	0
1019	0	0	0	1506	0	0	0	0	0	16	0	2005	2005	7	0	3013	0	2	142	0	0
1020	0	0	0	1132	0	0	0	0	0	1024	0	2005	2005	4	0	7024	0	2	252	0	0
1021	0	0	0	1220	0	0	0	0	0	684	0	2006	2006	7	0	7406	0	2	105	0	0
1022	0	0	0	1248	0	0	0	0	0	324	0	1950	1930	5	0	9439	0	1	0	0	0
1023	0	0	0	1504	0	0	0	0	0	16	0	2006	2005	7	0	3182	0	2	156	0	0
1024	0	0	0	2898	0	0	0	0	0	1165	0	1976	1976	8	0	15498	0	2	0	0	0
1025	0	0	0	882	0	0	0	0	0	138	0	1972	1972	5	0	7700	0	2	96	0	0
1026	0	0	0	1264	0	0	0	0	0	697	0	1960	1960	5	0	9300	0	2	0	0	0
1027	0	0	0	1646	0	0	0	0	0	1513	0	2008	2007	8	0	9520	0	3	192	0	0
1028	0	0	0	1376	0	0	0	0	0	368	0	1950	1941	5	0	9492	0	1	0	0	0
1029	0	0	0	1218	0	0	0	0	0	317	1	1972	1972	6	0	1680	1	1	0	0	0
1030	0	0	0	1928	0	0	0	0	0	0	0	1995	1916	5	0	7082	0	0	0	1	0
1031	0	0	0	3082	0	0	0	0	0	523	0	1970	1920	7	0	15863	0	2	136	0	0
1032	0	1	0	2520	0	0	0	0	0	1012	0	1993	1993	8	0	14541	0	3	209	0	0
1033	0	0	0	1654	0	0	0	0	0	986	0	2002	2002	7	0	8125	0	3	0	0	0
1034	0	0	0	954	0	0	0	1	0	0	0	1950	1938	5	0	6305	0	1	0	0	0
1035	0	0	0	845	0	0	0	0	0	0	0	1957	1957	4	0	11500	0	1	186	0	0
1036	0	0	0	1620	0	0	0	0	0	1022	0	2008	2007	9	0	12898	0	3	228	0	0
1037	0	0	0	2263	0	0	0	0	0	0	0	2002	2001	8	0	9240	0	2	0	0	0
1038	0	0	0	1344	0	0	0	0	0	0	0	2008	1970	4	0	1533	1	0	0	1	0
1039	0	0	0	630	0	0	0	0	0	509	0	1970	1970	4	0	1477	0	1	0	0	1
1040	0	0	0	1803	0	0	0	0	0	168	0	2000	1957	5	0	13125	0	2	0	0	0
1041	0	0	0	1632	0	0	0	0	0	400	0	2000	1966	6	1	9130	0	2	0	0	0
1042	0	0	1	1306	0	0	0	0	0	900	0	2005	2005	6	0	5381	1	2	170	0	0
1043	0	0	0	2329	0	0	0	0	0	1085	0	1990	1990	7	0	11839	0	2	192	0	0
1044	0	0	0	2524	0	0	0	0	0	1104	0	1981	1981	8	1	9600	0	2	474	0	0
1045	0	0	0	1733	0	0	0	0	0	0	0	1955	1955	3	0	13680	0	2	0	0	0
1046	1	0	0	2868	0	0	0	0	0	240	0	2006	2005	9	0	16056	0	3	214	0	0
1047	0	0	0	990	0	0	0	0	0	686	0	1995	1994	5	0	9245	0	2	0	0	0
1048	0	0	0	1771	1	0	0	0	0	0	0	2006	1960	5	0	21750	0	2	0	0	0
1049	0	0	0	930	0	0	0	0	0	0	0	2006	1946	4	0	11100	0	1	0	0	0
1050	0	0	0	1302	0	0	0	0	0	0	0	2007	2007	7	0	8993	0	2	0	0	0
1051	0	0	0	1316	0	0	0	0	0	0	0	2007	2007	7	0	11175	0	2	0	0	0
1052	0	0	0	1977	0	0	0	0	0	442	0	1978	1964	6	0	9500	0	2	0	0	0
1053	0	0	0	1526	0	0	0	0	0	383	0	2002	1957	5	0	8562	0	1	116	0	0
1054	0	0	0	1989	0	0	0	0	0	932	0	2002	2002	8	0	11367	0	2	199	0	0
1055	0	0	0	1523	0	0	0	0	0	644	0	1976	1976	6	1	11361	0	2	0	0	0
1056	0	0	1	1364	0	0	0	0	0	659	0	2005	2005	7	0	7052	0	2	192	0	0
1057	0	1	0	1850	0	0	0	0	0	595	0	1994	1994	7	0	29959	0	2	168	0	0
1058	0	0	1	2184	0	0	0	0	0	936	0	2008	2008	9	0	11308	0	3	0	0	0
1059	0	0	0	1991	0	0	0	1	0	297	0	1950	1932	6	0	11275	0	2	0	0	0
1060	1	0	0	1338	0	0	0	0	0	616	0	2001	2001	8	0	4920	0	2	0	0	0
1062	0	0	0	2337	0	0	0	0	0	0	0	1950	1900	5	0	13600	0	2	0	0	0
1063	0	0	0	1103	0	0	0	0	0	397	0	1980	1925	6	0	6000	0	2	166	0	0
1064	0	0	0	1154	0	0	0	0	0	740	0	1966	1966	5	0	11000	0	2	0	0	0
1065	0	0	0	2260	0	0	0	0	0	1201	0	1997	1996	7	0	14000	0	2	296	0	0
1066	0	0	0	1571	0	0	0	0	0	0	0	1994	1993	6	0	7837	0	2	0	0	0
1067	0	0	0	1611	0	0	0	0	0	674	0	1964	1964	6	0	9760	0	2	328	0	0
1068	0	0	0	2521	0	0	0	0	0	837	0	1973	1973	6	0	3964	0	2	728	0	0
1069	0	0	0	893	0	0	0	0	0	220	0	2003	1949	5	0	9600	0	2	0	0	0
1070	0	0	0	1048	0	0	0	0	0	586	0	1956	1956	5	0	10152	0	1	0	0	0
1071	0	0	0	1556	0	0	0	0	0	298	0	1968	1968	6	1	11700	0	2	0	0	0
1072	0	0	0	1456	0	0	0	0	0	0	0	1950	1948	5	0	7585	0	1	0	0	0
1073	0	0	0	1426	0	0	0	0	0	535	0	1977	1977	6	0	7950	0	2	252	0	0
1074	0	0	0	1240	0	0	0	0	0	0	0	2006	2006	7	0	8556	0	3	140	0	0
1075	0	0	0	1740	0	0	0	1	0	410	0	1984	1940	7	0	13125	0	1	0	0	0
1076	0	0	0	1466	0	0	0	0	0	626	0	1989	1936	5	0	10800	0	2	436	0	0
1077	0	0	0	1096	0	0	0	0	0	75	0	1969	1969	5	0	15870	0	1	240	0	0
1078	0	0	0	848	0	0	0	0	0	662	0	2004	2004	6	0	4435	0	2	140	0	0
1079	0	0	0	990	0	0	0	0	0	495	0	1994	1994	5	0	8775	0	1	0	0	0
1080	0	0	0	1258	0	0	0	0	0	656	0	2004	1971	6	1	11040	0	2	55	0	0
1081	0	0	0	1040	0	0	0	0	0	824	0	1963	1963	5	0	7500	0	1	0	0	0
1082	0	0	0	1459	0	0	0	0	0	0	0	2002	2002	7	0	8749	0	2	192	0	0
1083	0	0	0	1251	0	0	0	0	0	553	0	1964	1964	6	0	8800	0	1	0	0	0
1084	0	0	0	1498	0	0	0	0	0	592	0	1996	1995	6	0	13031	0	2	315	0	0
1085	0	0	0	996	0	0	0	0	0	747	0	1992	1992	6	0	9069	0	2	120	0	1
1086	0	0	0	1092	0	0	0	0	0	334	0	1973	1973	4	0	1974	0	1	120	0	0
1087	0	0	0	1953	0	1	0	0	0	0	0	2006	2005	8	0	10574	0	3	160	0	0
1088	0	0	0	1709	0	0	0	0	0	0	0	2004	2004	7	0	2522	1	2	0	0	0
1089	0	0	0	1247	0	1	0	0	0	1039	0	2005	2005	8	0	3316	0	2	0	0	0
1090	0	0	0	1040	0	0	0	0	0	0	0	1950	1950	3	0	8544	0	2	0	0	0
1091	0	0	0	1252	0	1	0	0	0	510	0	2000	1999	7	0	2160	1	2	0	0	0
1092	0	0	0	1694	0	0	0	0	0	423	0	1950	1925	6	0	8400	0	2	342	0	0
1093	0	0	0	1200	0	0	0	0	0	661	0	1998	1965	5	0	9230	0	2	0	0	0
1094	0	0	0	936	0	0	0	0	0	248	0	2000	1956	5	0	5868	0	1	0	0	0
1095	0	0	0	1314	0	0	0	0	0	24	0	2006	2006	6	0	9317	0	2	0	0	0
1096	0	0	0	1355	0	0	0	0	0	0	0	2006	1914	6	0	6882	0	0	136	1	0
1097	1	0	0	1088	0	0	0	0	0	0	0	1986	1986	8	0	3696	0	2	0	0	0
1098	0	0	0	1324	0	0	0	0	0	672	0	1950	1936	4	0	6000	0	1	0	0	0
1099	0	0	0	1601	0	0	0	0	0	704	0	1978	1978	7	1	11880	0	2	0	0	0
1100	0	0	0	438	0	0	0	0	0	290	0	1950	1920	2	0	8400	0	1	0	0	0
1101	0	0	0	950	0	0	0	0	0	412	0	1971	1971	5	0	9758	0	1	0	0	0
1102	0	0	0	1134	0	0	0	0	0	588	0	2002	1960	5	0	7000	0	1	0	0	0
1103	0	0	0	1194	0	0	0	0	0	655	0	1959	1959	6	0	8910	0	2	0	0	0
1104	0	0	0	1302	0	0	0	0	0	0	1	1970	1970	5	0	2016	0	2	0	0	0
1105	0	1	0	2622	0	0	0	0	0	1032	0	1995	1994	8	0	12256	0	2	186	0	0
1106	0	0	0	1442	0	0	0	0	0	738	0	1991	1990	7	0	10357	0	2	0	0	0
1107	0	0	0	2021	0	0	0	0	0	0	0	2006	2006	7	0	23257	0	2	0	0	0
1108	0	0	0	1690	0	0	0	0	0	0	0	2000	2000	6	0	8063	0	2	100	0	0
1109	0	0	1	1836	0	0	0	0	0	1039	0	2005	2004	8	0	11362	0	3	125	0	0
1110	0	0	0	1658	0	0	0	0	0	219	0	1996	1995	6	0	8000	0	2	224	0	0
1111	0	0	0	1964	0	0	0	0	0	403	0	1976	1976	7	1	10480	0	2	0	0	0
1112	0	0	0	816	0	0	0	0	0	708	0	1957	1957	5	0	7100	0	1	0	0	0
1113	0	0	0	1008	0	0	0	0	0	643	0	2006	1953	5	0	8923	0	1	0	0	0
1114	0	0	0	833	0	0	0	0	0	415	0	2000	1954	5	0	5400	0	1	0	0	0
1115	0	0	1	1734	0	0	0	0	0	1004	0	2007	2007	8	0	12085	0	3	0	0	0
1116	0	0	0	1419	0	0	0	0	0	353	0	2002	2002	8	0	7750	0	2	120	0	0
1117	0	0	0	894	0	0	0	0	0	702	0	2003	1967	5	0	9764	0	2	0	0	0
1118	0	0	0	1601	0	0	0	0	0	0	0	1987	1958	5	0	13825	0	1	280	0	0
1119	0	0	0	1040	0	0	0	0	0	369	0	1959	1959	5	0	7560	0	1	140	0	0
1120	0	0	0	1012	0	0	0	0	0	0	0	1950	1920	6	0	8263	0	1	0	0	0
1121	0	0	0	1552	0	0	0	0	0	24	0	2006	2005	7	0	10084	0	3	144	0	0
1122	0	0	0	960	0	0	0	0	0	0	0	1956	1956	4	0	8926	0	1	64	0	0
1123	0	0	0	698	0	0	0	0	0	0	0	2008	1947	5	0	9405	0	0	0	1	0
1124	0	0	0	1482	0	0	0	0	0	0	0	1992	1992	7	0	9125	0	2	100	0	0
1125	0	0	0	1005	0	0	0	0	0	0	0	1955	1955	4	0	10434	0	2	0	0	0
1126	0	0	0	1555	0	0	0	0	0	0	0	2007	2007	7	0	3684	0	3	143	0	0
1127	0	0	0	1530	0	0	0	0	0	1300	0	2004	2004	7	0	14572	0	3	144	0	0
1128	0	0	0	1959	0	0	0	0	0	0	0	2005	2004	7	0	11796	0	2	100	0	0
1129	0	0	0	936	0	0	0	0	0	936	0	1980	1980	5	0	7200	0	2	49	0	1
1130	0	0	0	1981	0	0	0	0	0	622	0	1950	1928	4	0	7804	0	2	431	0	0
1131	0	0	0	974	1	0	0	0	0	212	0	1992	1991	5	0	10712	0	0	0	1	0
1132	0	0	0	2210	0	0	0	0	0	0	0	1950	1880	6	0	9900	0	1	0	0	0
1133	0	0	0	2020	0	0	0	0	0	584	0	1995	1995	8	0	9828	0	2	0	0	0
1134	0	0	0	1600	0	0	0	0	0	0	0	1997	1997	6	0	8773	0	2	100	0	0
1135	0	0	0	986	0	0	0	0	0	0	0	1950	1926	6	0	6180	0	1	0	0	0
1136	0	0	0	1252	0	0	0	0	0	280	0	1950	1950	6	0	9600	0	1	0	0	0
1137	0	0	0	1020	0	0	0	0	0	0	0	1996	1875	5	0	6342	0	0	0	1	0
1138	0	0	0	1567	1	0	0	0	0	1567	0	1977	1977	6	0	9819	0	2	264	0	0
1139	0	0	0	1167	0	0	0	0	0	645	0	1950	1920	5	0	8731	0	2	0	0	0
1140	0	0	0	952	0	0	0	0	0	852	0	1951	1951	5	0	7350	0	2	0	0	0
1141	0	0	0	1868	0	0	0	0	0	381	0	1976	1976	5	1	10304	0	2	448	0	0
1142	0	0	0	2828	0	0	0	0	0	1150	0	2007	2006	8	0	9965	0	3	125	0	0
1143	0	0	0	1006	0	0	0	0	0	288	0	1959	1959	5	0	9000	0	0	0	1	0
1144	0	0	0	924	0	0	0	0	0	348	0	1950	1941	4	0	12180	0	1	0	0	0
1145	0	0	0	1576	0	0	0	0	0	0	0	1950	1928	5	0	6240	0	1	0	0	0
1146	0	0	0	1298	0	0	0	0	0	1258	0	1985	1985	6	0	11200	0	2	165	0	0
1147	0	0	0	1564	0	0	0	1	0	275	0	1950	1941	7	0	12000	0	1	0	0	0
1148	0	0	0	1111	0	0	0	0	0	0	0	1950	1926	7	0	5700	0	1	0	0	0
1149	0	0	0	1482	0	0	0	0	0	624	0	1988	1920	7	0	9000	0	2	0	0	0
1150	0	0	0	932	0	0	0	0	0	0	0	1950	1950	6	0	8280	0	1	0	0	0
1151	0	0	0	1466	0	0	0	0	0	176	0	1959	1959	5	0	17755	0	2	0	0	0
1152	0	0	0	1811	0	0	0	1	0	296	0	2004	1956	6	0	14115	0	2	0	0	0
1153	0	0	0	816	0	0	0	0	0	538	0	2007	1930	6	0	5890	0	1	0	0	0
1154	0	0	0	1820	0	0	0	0	0	454	0	1988	1965	7	0	13700	0	2	60	0	0
1155	0	0	0	1437	0	0	1	0	0	1157	0	2004	1976	5	0	10768	0	2	0	0	0
1156	0	0	0	1265	0	0	0	0	0	633	0	1999	1965	5	0	9350	0	2	0	0	0
1157	0	0	1	1314	0	0	0	0	0	904	0	2008	2007	7	0	5001	1	2	172	0	0
1158	0	0	0	1580	0	1	0	0	0	0	0	2008	2007	8	0	11932	0	3	0	0	0
1159	0	0	0	1876	0	0	0	0	0	442	0	1974	1974	6	1	9120	0	2	0	0	0
1160	0	0	0	1456	0	0	0	0	0	311	0	1978	1978	6	0	2280	1	2	26	0	0
1161	0	0	0	1640	0	0	0	1	0	728	0	2006	1954	6	0	14778	0	2	108	0	0
1162	0	0	0	894	0	0	0	0	0	492	0	1968	1968	5	0	8724	0	2	0	0	0
1163	0	0	0	1258	0	0	0	0	0	1198	0	1969	1969	4	0	12900	0	2	120	0	1
1164	0	0	0	1432	0	0	1	0	0	680	0	1978	1978	5	0	16157	0	2	168	0	0
1165	0	0	1	1502	0	0	0	0	0	0	0	2009	2009	7	0	9541	0	2	0	0	0
1166	0	0	0	1694	0	0	0	0	0	0	0	2008	2008	8	0	10475	0	3	160	0	0
1167	0	0	0	1671	0	0	0	0	0	786	0	2000	2000	6	0	10852	0	2	0	0	0
1168	0	0	0	2108	0	0	0	0	0	626	0	1986	1935	6	0	13728	0	2	0	0	0
1169	0	1	0	3627	0	0	0	0	0	1387	0	1996	1995	10	0	35760	0	3	361	0	0
1170	0	0	0	1118	1	0	0	0	0	522	0	1977	1977	6	0	9880	0	1	203	0	0
1171	0	0	0	1261	0	0	0	0	0	662	0	1958	1958	6	0	9120	0	2	0	0	0
1172	0	0	0	1250	0	1	0	0	0	0	0	2007	2006	7	0	4017	0	2	0	0	0
1173	0	0	0	3086	0	0	0	0	0	152	0	1994	1946	5	0	18030	0	0	122	1	0
1174	0	0	0	2345	0	0	0	1	0	503	0	1950	1932	6	0	16560	0	2	0	0	0
1175	0	1	0	2872	0	0	0	0	0	700	0	2000	1992	8	0	10678	0	2	0	0	0
1176	0	0	0	923	1	0	0	0	0	658	0	1985	1984	5	0	6951	0	1	362	0	0
1177	0	0	0	1224	0	0	0	0	0	468	0	2004	1926	6	0	3950	0	1	0	0	0
1178	0	0	0	1343	0	0	0	1	0	0	0	1950	1921	5	0	7681	0	1	192	0	0
1179	0	0	0	1124	0	0	0	0	0	0	0	1954	1954	5	0	8335	0	0	0	1	0
1180	0	0	0	2514	0	0	0	0	0	1216	0	1991	1990	7	0	11170	0	2	0	0	0
1181	0	0	0	1652	0	0	0	1	0	1480	0	2008	2008	8	0	5587	0	2	162	0	0
1182	0	1	0	4476	0	0	0	0	0	2096	0	1996	1996	10	0	15623	0	3	171	0	0
1183	0	0	0	1130	0	0	0	0	0	821	0	1950	1920	5	0	10800	0	2	229	0	0
1184	0	0	0	1572	0	0	0	0	0	1159	0	1963	1963	5	0	35133	0	3	0	0	0
1185	0	0	0	1221	0	0	0	0	0	392	0	1950	1924	5	0	9738	0	1	0	0	0
1186	0	0	0	1699	0	0	0	0	0	440	0	1970	1900	3	0	10615	0	2	0	0	0
1187	0	1	0	1624	0	0	0	0	0	1456	0	1995	1994	8	0	12461	0	3	0	0	0
1188	0	0	0	1660	0	0	0	0	0	0	0	2002	2002	7	0	8935	0	2	144	0	0
1189	0	0	0	1804	0	0	0	0	0	0	0	1999	1999	7	0	7500	0	2	140	0	0
1190	0	0	0	1622	1	0	0	0	0	1159	0	1975	1961	4	0	32463	0	4	439	0	0
1191	0	0	0	1441	0	1	0	0	0	0	0	2000	1999	8	0	2645	1	2	206	0	0
1192	0	0	0	1472	0	0	0	0	0	0	0	1994	1925	5	0	9600	0	1	0	0	0
1193	0	0	0	1224	1	0	0	0	0	883	0	1999	1999	6	0	4500	0	2	0	0	0
1194	0	0	0	1352	0	0	0	0	0	371	0	1969	1969	6	0	9364	0	1	379	0	0
1195	0	0	0	1456	0	0	0	0	0	0	0	2005	2005	6	0	8029	0	2	100	0	0
1196	0	0	0	1863	0	0	0	0	0	0	0	2006	2006	7	0	14054	0	3	100	0	0
1197	0	0	0	1690	0	0	0	0	0	0	0	1950	1916	7	0	8850	0	1	0	0	0
1198	0	0	0	1212	0	0	0	0	0	0	0	2001	2001	7	0	9100	0	2	356	0	0
1199	0	0	0	1382	0	0	0	0	0	547	0	1979	1963	4	0	11235	0	2	0	0	0
1200	0	0	0	864	0	0	0	0	0	0	0	1970	1970	4	0	9353	0	1	0	0	0
1201	0	0	0	1779	0	0	0	0	0	0	0	1998	1998	7	0	10400	0	2	198	0	0
1202	0	0	0	1348	0	0	0	0	0	0	0	1997	1925	5	0	6000	0	1	0	0	0
1203	0	0	0	1630	0	0	0	0	0	0	0	2001	2000	7	0	9750	0	2	74	0	0
1204	0	0	0	1074	0	0	0	0	0	788	0	1975	1975	5	1	10140	0	2	0	0	0
1205	0	0	0	2196	0	0	0	0	0	485	0	1991	1990	7	0	14684	0	3	84	0	0
1206	0	0	0	1056	0	0	0	0	0	1056	0	1966	1966	4	0	8900	0	1	0	0	0
1207	0	0	0	1700	0	0	0	0	0	340	0	2003	2003	6	0	9135	0	2	192	0	0
1208	0	0	0	1283	0	0	0	0	0	504	0	1980	1962	5	0	7763	0	2	0	0	0
1209	0	0	0	1660	0	1	0	0	0	1220	0	2006	2006	8	0	10182	0	2	322	0	0
1210	0	0	0	1845	0	0	0	0	0	0	0	1992	1992	6	0	11218	0	2	635	0	0
1211	0	0	0	1752	0	0	0	0	0	427	0	2005	1988	8	0	12134	0	2	325	0	0
1212	0	0	0	672	0	0	0	0	0	344	0	1950	1941	4	0	9340	0	1	0	0	0
1213	0	0	0	960	0	0	0	0	0	648	0	2001	1965	4	0	10246	0	1	88	0	0
1214	0	0	0	999	0	0	0	0	0	784	0	1962	1962	5	0	10205	0	1	150	0	1
1215	0	0	0	894	0	0	0	0	0	180	0	1966	1966	5	0	7094	0	1	0	0	0
1216	0	0	0	1902	0	0	0	0	1	0	0	1978	1978	6	0	8930	0	2	0	0	0
1217	0	0	0	1314	0	1	0	0	0	936	0	2009	2009	8	0	8640	0	2	135	0	0
1218	0	0	0	912	0	0	0	0	0	0	0	1950	1947	4	0	6240	0	0	0	1	0
1219	0	0	0	1218	0	0	0	0	0	0	1	1971	1971	6	0	1680	1	0	201	1	0
1220	0	0	0	912	0	0	0	0	0	312	0	1964	1964	5	0	7800	0	1	0	0	0
1221	0	0	0	1211	0	0	0	0	0	250	0	1968	1968	5	0	8250	0	1	0	0	0
1222	0	0	0	1846	0	0	0	0	0	196	0	1950	1949	6	0	10496	0	1	0	0	0
1223	0	0	0	2136	0	0	0	0	0	756	0	1951	1951	5	0	10680	0	2	0	0	0
1224	0	0	0	1490	0	0	0	0	0	724	0	2005	2004	7	0	15384	0	2	100	0	0
1225	0	0	0	1138	0	0	0	0	0	507	0	1958	1958	6	0	10482	0	1	224	0	0
1226	0	0	0	1933	0	1	0	0	0	0	0	2007	2007	6	0	14598	0	3	100	0	0
1227	0	0	0	912	0	0	0	0	0	595	0	2008	1965	5	0	8872	0	2	0	0	0
1228	0	0	1	1702	0	0	0	0	0	1540	0	2008	2008	9	0	8769	0	3	0	0	0
1229	0	0	0	1507	0	0	0	0	0	666	0	1960	1960	5	0	7910	0	1	0	0	0
1230	0	0	0	2620	0	0	0	0	0	498	0	1977	1977	5	0	18890	0	2	155	0	0
1231	0	0	0	1190	0	0	0	0	0	803	0	1962	1962	5	0	7728	0	2	0	0	0
1232	0	0	0	1224	0	0	0	0	0	0	0	1962	1962	4	0	9842	0	2	0	0	0
1233	0	0	0	1188	0	0	0	0	0	1000	0	1959	1959	5	0	12160	0	2	0	0	0
1234	0	0	0	1964	0	0	0	0	0	0	0	1950	1911	5	0	8525	0	0	0	1	0
1235	0	0	0	1784	0	0	0	1	0	0	0	1950	1914	5	0	13132	0	1	203	0	0
1236	0	0	1	1626	0	0	0	0	0	0	0	2003	2003	7	0	2628	1	2	0	0	0
1237	0	0	0	1948	0	0	0	0	0	0	0	2005	2004	7	0	12393	0	2	100	0	0
1238	0	0	0	1141	0	0	0	0	1	0	0	2005	2005	6	0	13072	0	2	0	0	0
1239	0	0	0	1484	0	0	0	0	0	428	0	2006	2006	8	0	9037	0	2	120	0	0
1240	0	0	0	1768	0	0	0	0	0	550	0	2003	2003	7	0	8158	0	2	0	0	0
1241	0	0	0	1689	0	1	0	0	0	0	0	2007	2007	7	0	9849	0	3	0	0	0
1242	0	0	0	1173	0	0	0	0	0	885	0	1974	1974	7	1	10625	0	2	0	0	1
1243	0	0	1	2076	0	0	0	0	0	1386	0	2006	2006	10	0	13891	0	3	216	0	0
1244	0	0	0	1517	0	0	0	1	0	0	0	1950	1929	8	0	11435	0	2	0	0	0
1245	0	0	0	1868	0	0	0	0	0	0	0	2003	1984	6	1	12090	0	2	268	0	0
1246	0	0	0	1553	0	1	0	0	0	0	0	2006	2005	7	0	8125	0	2	0	0	0
1247	0	0	0	1034	1	0	0	0	0	539	0	1976	1976	6	0	12328	0	3	0	0	0
1248	0	0	0	2058	0	0	0	0	0	319	0	1950	1917	6	0	9600	0	2	0	0	0
1249	0	0	0	988	0	0	0	0	0	534	0	1950	1950	5	0	7200	0	1	0	0	0
1250	0	0	0	2110	0	0	0	0	0	1065	0	1968	1968	7	0	11160	0	2	0	0	0
1251	0	0	1	1405	0	0	0	0	0	0	0	2003	2003	7	0	3136	0	2	148	0	0
1252	0	0	0	874	1	0	0	0	0	510	0	1968	1968	5	0	9858	0	1	33	0	0
1253	0	0	0	2167	0	0	1	0	0	125	0	2003	1974	7	0	17542	0	2	220	0	0
1254	0	0	0	1656	0	0	0	0	0	0	0	2004	2003	7	0	6931	0	2	178	0	0
1255	0	0	0	1367	0	0	0	0	0	425	0	1950	1931	6	0	6240	0	1	0	0	0
1256	0	1	0	1987	0	0	0	0	0	1314	0	1994	1994	8	0	14303	0	2	262	0	0
1257	0	0	0	864	0	0	0	0	0	0	0	1950	1922	5	0	4060	0	0	0	1	0
1258	0	0	0	1166	0	0	0	0	0	655	0	2005	2005	7	0	9587	0	2	212	0	0
1259	0	0	0	1054	0	0	0	0	0	602	0	1969	1969	6	0	9750	0	2	180	0	0
1260	0	0	0	1675	0	0	0	0	0	0	0	1999	1999	6	0	24682	0	2	0	0	0
1261	0	0	0	1050	0	0	0	0	0	504	0	1956	1956	5	0	9600	0	1	0	0	0
1262	0	0	0	1788	0	0	0	0	0	0	0	1989	1957	4	0	11250	0	1	120	0	0
1263	0	0	0	1824	0	0	0	0	0	0	0	1950	1919	6	0	13515	0	2	0	0	0
1264	0	0	0	1337	0	0	0	0	0	266	0	1999	1998	6	0	4060	0	2	144	0	0
1265	0	0	0	1452	0	1	0	0	0	450	0	1999	1999	7	0	3735	0	2	0	0	0
1266	0	0	0	1889	0	0	0	0	0	0	0	1950	1910	7	0	10120	0	1	0	0	0
1267	0	0	0	2018	0	0	0	0	0	0	0	2009	2008	9	0	13214	0	3	144	0	0
1268	0	0	0	3447	0	0	0	1	0	192	0	1997	1935	8	0	14100	0	3	314	0	0
1269	0	0	0	1524	0	0	0	0	0	460	0	1958	1958	5	0	11344	0	1	0	0	0
1270	0	0	0	1524	0	0	0	0	0	1258	0	1979	1979	7	0	23595	0	2	268	0	0
1271	0	0	0	1489	0	0	0	0	0	0	0	1968	1968	6	1	9156	0	2	0	0	0
1272	0	0	0	935	0	0	0	0	0	560	0	1965	1965	5	0	13526	0	1	180	0	0
1273	0	0	0	1357	0	0	0	0	0	719	0	2006	1959	6	0	11512	0	1	0	0	0
1274	0	0	0	1250	0	0	0	1	0	0	0	2003	1910	5	0	5362	0	2	242	0	0
1275	0	0	0	1920	0	0	0	0	0	220	0	1950	1948	5	0	11345	0	2	0	0	0
1276	0	0	0	1395	0	0	0	0	0	593	0	1972	1972	6	1	12936	0	2	294	0	0
1277	0	0	0	1724	0	0	0	0	0	528	0	1976	1967	6	1	17871	0	2	0	0	0
1278	0	0	0	2031	0	0	0	0	0	804	0	2002	2002	8	0	9473	0	2	0	0	0
1280	0	0	0	1573	0	0	0	0	0	788	0	2002	2002	7	0	9808	0	2	0	0	0
1281	0	0	0	1339	0	0	0	0	0	1053	0	1990	1990	7	0	8049	0	2	0	0	0
1282	0	0	0	1040	0	0	0	0	0	532	0	2008	1977	5	0	8800	0	2	0	0	0
1283	0	0	0	1824	1	0	0	0	0	0	0	1971	1971	6	0	9400	0	0	128	1	0
1284	0	0	0	2447	0	0	0	0	0	0	0	1990	1919	6	0	9638	0	1	272	0	0
1285	0	0	0	1412	0	0	0	0	0	0	0	1950	1939	6	0	6000	0	1	45	0	0
1286	0	0	0	1328	0	0	0	0	0	569	0	1963	1963	6	1	9790	0	2	0	0	0
1287	0	0	0	1582	0	0	0	0	0	812	0	1964	1964	5	0	36500	0	2	168	0	0
1288	1	0	0	1659	0	0	0	0	0	1158	0	2000	2000	8	0	5664	0	2	212	0	0
1289	0	0	1	1970	0	0	0	0	0	0	0	2006	2006	8	0	11065	0	3	177	0	0
1290	0	0	0	1152	0	0	0	0	0	1014	0	1964	1964	5	0	14112	0	2	227	0	0
1291	0	0	0	1302	0	0	0	0	0	231	1	1972	1972	5	0	1680	1	1	185	0	0
1292	0	0	0	2372	0	0	0	0	0	0	0	1965	1892	5	0	6600	0	1	0	0	0
1293	0	0	0	1664	0	0	0	0	0	194	0	1976	1976	7	1	10140	0	2	0	0	0
1294	0	0	0	864	0	0	0	0	0	167	0	1990	1955	5	0	8172	0	2	0	0	0
1295	0	0	0	1052	0	0	0	0	0	1016	0	1968	1968	5	0	8400	0	1	356	0	0
1296	0	0	0	1128	0	0	0	0	0	776	0	1963	1963	5	0	8700	0	2	192	0	0
1297	0	0	0	1072	0	0	0	0	0	547	0	2006	2005	6	0	3675	0	2	0	0	1
1298	0	0	0	5642	0	0	0	0	0	5644	0	2008	2008	10	0	63887	0	2	214	0	0
1299	0	0	0	1246	0	0	0	0	0	340	0	1994	1959	5	0	7500	0	1	218	0	0
1300	0	0	0	1983	0	0	0	0	0	694	0	1999	1999	7	0	10762	0	2	0	0	0
1301	0	0	0	1494	0	0	0	1	0	547	0	1950	1942	6	0	7500	0	1	0	0	0
1302	0	1	0	2526	0	0	0	0	0	740	0	1994	1994	8	0	10120	0	3	309	0	0
1303	0	0	0	1616	0	1	0	0	0	0	0	2005	2005	7	0	8688	0	3	208	0	0
1304	0	0	0	1708	0	0	0	0	0	0	0	2004	2004	7	0	3363	0	2	0	0	0
1305	0	0	1	1652	0	0	0	0	0	1572	0	2007	2006	9	0	13173	0	2	404	0	0
1306	0	0	1	1368	0	0	0	0	0	0	0	2006	2005	7	0	6955	0	2	132	0	0
1307	0	0	0	990	0	0	0	0	0	746	0	1995	1994	5	0	8072	0	2	0	0	0
1308	0	0	0	1122	0	0	0	0	0	144	0	2005	1948	5	0	12000	0	2	0	0	0
1309	0	0	0	1294	0	0	0	0	0	1200	0	1991	1991	6	0	7153	0	2	112	0	0
1310	0	0	0	1902	0	0	0	1	0	1406	0	2002	1959	7	0	17500	0	2	0	0	0
1311	0	0	0	1274	0	0	0	0	0	925	0	2007	2005	7	0	8814	0	2	264	0	0
1312	0	1	0	2810	0	0	0	0	0	482	0	1990	1990	8	0	9572	0	2	500	0	0
1313	0	1	0	2599	0	0	0	0	0	0	0	1999	1999	9	0	14774	0	3	668	0	0
1314	0	0	0	948	0	0	0	0	0	732	0	1954	1954	4	0	8190	0	1	0	0	0
1315	0	0	0	2112	0	0	0	0	0	500	0	1969	1969	6	0	11075	0	2	280	0	0
1316	0	0	0	1630	0	0	0	0	0	0	0	2008	2008	8	0	10226	0	3	172	0	0
1317	0	0	0	1352	0	1	0	0	0	0	0	2007	2006	7	0	4230	0	2	0	0	0
1318	0	0	0	1787	0	0	0	0	0	0	0	2002	2001	8	0	14781	0	3	198	0	0
1319	0	0	0	948	0	0	0	0	0	492	0	1954	1954	4	0	10215	0	1	0	0	0
1320	0	0	0	1478	0	0	0	0	0	189	0	1957	1957	6	0	8400	0	2	114	0	0
1321	0	0	0	720	0	0	0	0	0	0	0	1950	1949	3	0	6627	0	1	0	0	0
1322	0	1	0	1923	0	0	0	0	0	674	0	1992	1992	7	0	10186	0	2	240	0	0
1323	0	0	0	708	0	0	0	0	0	280	0	1950	1940	4	0	5330	0	0	164	1	0
1324	0	0	0	1795	0	1	0	0	0	0	0	2007	2006	8	0	9986	0	3	0	0	0
1325	0	0	0	796	0	0	0	0	0	0	0	1950	1922	4	0	3636	0	0	0	1	0
1326	0	0	0	774	0	0	0	0	0	544	0	2006	1931	3	0	4270	0	0	0	1	0
1327	0	0	0	816	1	0	0	0	0	641	0	2008	1982	5	0	6600	0	1	0	0	0
1328	0	0	0	2792	0	0	0	0	0	493	0	1950	1920	6	0	10440	0	2	0	0	0
1329	0	0	0	1632	0	0	0	0	0	0	0	1998	1998	7	0	9084	0	2	0	0	0
1330	0	0	0	1588	0	1	0	0	0	0	0	2006	2006	8	0	10000	0	3	144	0	0
1331	0	0	0	954	0	0	0	0	0	483	0	1976	1976	5	0	10780	0	2	0	0	0
1332	0	0	0	816	0	0	0	0	0	690	0	1958	1938	4	0	8877	0	1	0	0	0
1333	0	0	0	1360	0	0	0	0	0	0	0	1995	1938	5	0	7200	0	1	0	0	0
1334	0	0	0	1365	0	0	0	0	0	765	1	1970	1970	5	0	2368	0	2	0	0	0
1335	0	0	0	1334	0	0	0	0	0	686	0	1977	1977	6	1	9650	0	2	0	0	0
1336	0	0	0	1656	0	0	0	0	0	0	0	1973	1973	5	1	9246	0	2	0	0	0
1337	0	0	0	693	0	0	0	0	0	0	0	1950	1941	4	0	4118	0	0	0	1	0
1338	0	0	0	1861	0	0	0	0	0	700	0	2002	2002	7	0	13450	0	2	146	0	0
1339	0	0	0	864	0	0	0	0	0	360	0	1972	1972	5	0	9560	0	1	0	0	0
1340	0	0	0	872	0	0	0	0	0	0	0	1971	1971	4	0	8294	0	4	0	0	0
1341	0	0	0	1114	0	0	0	0	1	814	0	2004	2003	6	0	13695	0	2	0	0	0
1342	0	0	0	2169	0	0	0	0	0	0	0	2002	2002	8	0	9375	0	2	192	0	0
1343	0	0	0	1913	0	0	0	1	0	0	0	1950	1928	6	0	7558	0	2	0	0	0
1344	0	0	0	1456	0	0	0	0	0	0	0	2006	2006	7	0	11103	0	2	0	0	0
1345	0	0	0	960	0	0	0	0	0	250	0	1950	1920	4	0	6000	0	1	0	0	0
1346	0	0	0	2156	0	0	0	0	0	297	0	2003	1968	7	1	20781	0	2	0	0	0
1347	0	0	0	1776	0	0	0	0	0	80	0	2007	2006	8	0	15306	0	3	0	0	0
1348	0	0	0	1494	0	0	0	0	0	1443	0	1998	1998	7	0	16196	0	2	402	0	0
1349	0	0	0	2358	0	0	0	0	0	259	0	1987	1872	8	0	5250	0	0	0	1	0
1350	0	0	0	2634	0	0	0	0	0	500	0	1969	1969	5	0	11643	0	4	0	0	0
1351	0	0	0	1716	0	0	0	0	0	319	0	1962	1962	6	0	9247	0	2	0	0	0
1352	0	0	0	1176	0	0	0	0	0	0	0	2000	1937	6	0	6000	0	2	210	0	0
1353	0	1	0	3238	0	0	0	0	0	816	0	1996	1995	8	0	14720	0	3	283	0	0
1354	0	0	0	1865	0	0	0	0	0	735	0	2000	2000	7	0	10316	0	3	0	0	0
1355	0	0	0	1920	0	0	0	0	0	0	0	1992	1968	7	1	10192	0	2	0	0	0
1356	0	0	0	892	0	0	0	0	0	340	0	1966	1966	5	0	9477	0	1	0	0	0
1357	0	0	0	1078	0	0	0	0	0	734	0	2008	1971	5	0	12537	0	2	0	0	0
1358	0	0	0	1573	0	1	0	0	0	378	0	2000	2000	6	0	2117	1	2	0	0	0
1359	0	0	1	1980	0	0	0	0	0	1447	0	2005	2004	9	0	16737	0	3	194	0	0
1360	0	0	0	2601	0	0	0	0	0	0	0	1998	1921	5	0	9842	0	2	183	0	0
1361	1	0	0	1530	0	0	0	0	0	1274	0	2005	2005	7	0	16158	0	2	168	0	0
1362	0	0	0	1738	0	0	0	0	0	0	0	2007	1920	4	0	12513	0	1	55	0	0
1363	0	0	0	1412	0	0	0	0	0	0	0	2007	2006	6	0	8499	0	2	0	0	0
1364	0	0	0	1200	0	1	0	0	0	0	0	2005	2005	7	0	3180	0	2	0	0	0
1365	0	0	0	1674	0	1	0	0	0	533	0	2000	2000	7	0	7500	0	2	0	0	0
1366	0	0	0	1790	0	0	0	0	0	633	0	1999	1999	7	0	9179	0	2	0	0	0
1367	0	0	0	1475	0	0	0	0	0	548	0	1977	1977	5	0	2665	0	1	104	0	0
1368	0	0	0	848	0	0	0	0	0	685	0	2004	2003	6	0	4435	0	2	140	0	0
1369	0	0	0	1668	0	0	0	0	0	370	0	2003	2003	8	0	10635	0	2	0	0	0
1370	0	0	0	1374	0	0	0	0	0	315	0	1950	1920	4	0	5400	0	1	0	0	0
1371	0	0	0	1661	0	0	0	0	0	831	0	1996	1955	6	0	9600	0	1	0	0	0
1372	0	0	0	2097	0	0	0	0	0	975	0	1998	1998	7	0	9750	0	2	253	0	0
1373	0	1	0	2633	0	0	0	0	0	1282	0	2002	2001	10	0	11400	0	3	314	0	0
1374	0	0	0	1958	0	1	0	0	0	0	0	2005	2005	7	0	10625	0	3	154	0	0
1375	0	0	0	1571	0	0	0	0	0	0	0	2007	2007	8	0	10991	0	3	100	0	0
1376	0	0	0	790	0	0	0	0	0	384	0	1950	1930	6	0	6292	0	1	0	0	0
1377	0	0	0	1604	0	0	0	0	0	408	0	1960	1941	5	0	10998	0	2	0	0	0
1378	0	0	0	987	0	0	0	0	0	309	1	1973	1973	6	0	1953	1	1	72	0	0
1379	0	0	0	1394	0	0	0	0	0	0	0	2007	2006	5	0	9735	0	2	100	0	0
1380	0	0	0	864	0	0	0	0	0	203	0	1950	1914	3	0	8212	0	1	0	0	0
1381	0	0	0	2117	0	0	0	0	0	865	0	1970	1970	6	0	12925	0	2	0	0	0
1382	0	0	0	1762	0	0	0	0	0	0	0	1950	1920	7	0	7200	0	2	36	0	0
1383	0	0	0	1416	0	0	0	0	0	0	0	2007	1918	5	0	25339	0	2	0	0	0
1384	0	0	0	1258	0	0	0	0	0	204	0	1950	1939	6	0	9060	0	1	0	0	0
1385	0	0	0	1154	0	0	0	0	0	735	0	2007	1922	4	0	5436	0	1	0	0	0
1386	0	0	0	2784	0	0	0	0	0	790	0	1978	1978	7	1	16692	0	2	0	0	0
1387	0	0	0	2526	0	0	0	0	0	168	0	1950	1916	6	0	8520	0	1	88	0	0
1388	0	0	0	1746	0	0	0	0	0	1320	0	2007	2006	9	0	14892	0	3	201	0	0
1389	0	0	0	1218	0	0	0	0	0	375	0	1950	1941	6	0	6000	0	2	0	0	0
1390	0	0	0	1525	0	0	0	0	0	1400	0	2000	2000	7	0	9100	0	2	219	0	0
1391	0	0	0	1584	0	0	0	0	0	0	0	1967	1967	5	0	8944	0	3	0	0	0
1392	0	0	0	900	0	0	0	0	0	769	0	1967	1967	5	0	7838	0	1	175	0	1
1393	0	0	0	1912	0	0	0	0	0	0	0	2000	1905	6	0	10800	0	2	0	0	0
1394	0	0	0	1500	0	0	0	0	0	1070	0	2006	2006	7	0	4045	0	3	161	0	0
1395	0	0	0	2482	0	0	0	0	0	0	0	2006	2005	8	0	12665	0	3	144	0	0
1396	0	0	0	1687	0	0	0	0	0	353	0	1950	1948	5	0	57200	0	2	0	0	0
1397	0	0	0	1513	0	0	0	0	0	0	0	2004	1920	5	0	6120	0	1	24	0	0
1398	0	0	0	1904	0	0	0	0	0	180	0	1982	1950	5	0	7200	0	1	0	0	0
1399	0	0	0	1608	0	0	0	0	0	264	0	1990	1925	6	0	6171	0	1	147	0	0
1400	0	0	0	1158	0	0	0	0	0	0	0	1950	1929	6	0	6000	0	1	0	0	0
1401	0	0	0	1593	0	0	0	0	0	759	0	2004	2004	6	0	7415	0	2	100	0	0
1402	0	0	0	1294	0	0	0	0	0	0	0	2006	2006	7	0	6762	0	2	168	0	0
1403	0	0	0	1464	0	1	0	0	0	929	0	2007	2007	8	0	15256	0	3	168	0	0
1404	0	0	0	1214	0	0	0	0	0	0	0	1950	1915	3	0	10410	0	3	216	0	0
1405	0	0	0	1646	0	0	0	1	0	1373	0	2005	2004	8	0	3842	0	2	128	0	0
1406	0	0	0	768	0	0	0	0	0	656	0	2007	1972	5	0	8445	0	2	58	0	1
1407	0	0	0	833	1	0	0	0	0	625	0	1985	1985	5	0	8780	0	0	0	1	0
1408	0	0	0	1363	0	0	0	0	0	0	0	1950	1910	4	0	7740	0	2	0	0	0
1409	0	0	0	2093	0	0	0	0	0	0	0	1991	1986	7	1	20544	0	2	364	0	0
1410	0	0	0	1840	0	0	0	0	0	666	0	2001	2001	7	0	12420	0	2	0	0	0
1411	0	0	0	1668	0	0	0	0	0	120	0	2005	1950	6	0	9600	0	1	0	0	0
1412	0	0	0	1040	0	0	0	0	0	0	0	1950	1949	4	0	7200	0	2	0	0	0
1413	0	0	0	1844	0	0	0	0	0	976	0	2006	2005	8	0	10994	0	2	165	0	0
1414	0	0	0	1848	0	0	0	0	0	0	0	2000	1923	6	0	13053	0	2	0	0	0
1415	0	0	0	1569	0	0	0	0	0	988	0	2007	2007	7	0	3635	0	3	143	0	0
1416	0	0	0	2290	0	0	0	0	0	0	0	1950	1885	4	0	11340	0	2	0	0	0
1417	0	1	0	2450	0	0	0	0	0	781	0	1998	1998	8	0	16545	0	3	0	0	0
1418	0	0	0	1144	0	0	0	0	0	25	0	1963	1963	5	0	9204	0	1	0	0	0
1419	0	0	0	1844	0	0	0	1	0	1110	0	1969	1969	6	0	16381	0	2	0	0	0
1420	0	0	0	1416	0	0	0	0	0	404	0	1968	1968	6	1	11700	0	2	0	0	0
1421	0	0	0	1069	0	0	0	0	0	360	0	1977	1977	6	0	4043	0	2	0	0	0
1422	0	0	0	848	0	0	0	0	0	686	0	2003	2003	6	0	4435	0	2	140	0	0
1423	0	0	0	2201	0	0	0	0	0	0	0	1966	1966	6	0	19690	0	2	586	0	0
1424	0	0	0	1344	0	0	0	0	0	457	0	1983	1958	5	0	9503	0	1	316	0	0
1425	0	0	0	1252	0	0	0	0	0	0	0	1959	1959	6	0	10721	0	2	0	0	0
1426	0	1	0	2127	0	0	0	0	0	1000	0	1994	1994	7	0	10944	0	2	171	0	0
1427	0	0	0	1558	0	0	0	0	0	580	0	1950	1945	5	0	10930	0	1	0	0	0
1428	0	0	0	804	0	0	0	0	0	510	0	1992	1940	5	0	7200	0	1	0	0	0
1429	0	0	0	1440	0	0	0	0	0	678	0	1981	1981	6	1	12546	0	2	0	0	0
1430	0	0	0	1838	0	0	0	0	0	0	0	2005	2005	5	0	21930	0	2	100	0	0
1431	0	0	0	958	0	0	0	0	0	958	0	1976	1976	6	0	4928	0	2	0	0	0
1432	0	0	0	968	0	0	0	0	0	0	0	2007	1927	4	0	10800	0	1	0	0	0
1433	0	0	0	1792	0	0	0	0	0	0	0	2000	2000	6	0	10261	0	2	0	0	0
1434	0	0	0	1126	1	0	0	0	0	936	0	1977	1977	5	0	17400	0	2	295	0	0
1435	0	0	0	1537	0	0	0	0	0	0	0	2005	1962	6	0	8400	0	2	0	0	0
1436	0	0	0	864	0	0	0	0	0	616	0	1971	1971	4	0	9000	0	2	0	0	0
1437	0	0	1	1932	0	0	0	0	0	1336	0	2008	2008	8	0	12444	0	3	0	0	0
1438	0	0	0	1236	0	0	0	0	0	600	0	1996	1957	6	0	7407	0	2	0	0	0
1439	0	0	0	1725	0	0	0	0	0	315	0	1979	1979	7	1	11584	0	2	0	0	0
1440	0	0	0	2555	0	0	0	1	0	0	0	1994	1922	6	0	11526	0	2	431	0	0
1441	0	0	0	848	0	0	0	0	0	697	0	2004	2004	6	0	4426	0	2	149	0	0
1442	0	0	0	2007	0	1	0	0	0	765	0	2008	2008	10	0	11003	0	3	168	0	0
1443	0	0	0	952	0	0	0	0	0	0	0	1950	1916	6	0	8854	0	1	0	0	0
1444	0	0	0	1422	0	0	0	0	0	0	0	2004	2004	7	0	8500	0	2	192	0	0
1445	0	0	0	913	0	0	0	0	0	187	0	1966	1966	6	0	8400	0	1	0	0	1
1446	0	0	0	1188	1	0	0	0	0	593	0	1962	1962	5	0	26142	0	1	261	0	0
1447	0	0	0	2090	0	0	0	0	0	1079	0	1996	1995	8	0	10000	0	2	0	0	0
1448	0	0	0	1346	0	0	0	0	0	0	0	2000	1910	4	0	11767	0	1	168	0	0
1449	0	0	0	630	0	0	0	0	0	553	0	1970	1970	5	0	1533	1	0	0	1	1
1450	0	0	0	1792	0	0	0	0	0	0	0	1974	1974	5	0	9000	0	0	32	1	0
1451	0	0	0	1578	0	1	0	0	0	0	0	2009	2008	8	0	9262	0	3	0	0	0
1452	0	0	0	1072	0	0	0	0	0	547	0	2005	2005	5	0	3675	0	2	0	0	0
1453	0	0	0	1140	1	0	0	0	0	0	0	2006	2006	5	0	17217	0	0	36	1	0
1454	0	0	0	1221	0	1	0	0	0	410	0	2005	2004	7	0	7500	0	2	0	0	0
1455	0	0	0	1647	0	0	0	0	0	0	0	2000	1999	6	0	7917	0	2	0	0	0
1456	0	0	0	2073	0	0	0	0	0	790	0	1988	1978	6	1	13175	0	2	349	0	0
1457	0	0	0	2340	0	0	0	1	0	275	0	2006	1941	7	0	9042	0	1	0	0	0
1458	0	0	0	1078	0	0	0	0	0	49	0	1996	1950	5	0	9717	0	1	366	0	0
1459	0	0	0	1256	0	0	0	0	0	830	0	1965	1965	5	0	9937	0	1	736	0	0
